{
    "evaluation": {
        "accuracy": {
            "end_accuracy": 0.40063091482649843,
            "full_accuracy": 0.21451104100946372,
            "start_accuracy": 0.4037854889589905
        },
        "exact_match": {
            "01_best_normalized": 0.28213166144200624,
            "01_best_standard": 0.22570532915360503,
            "02_best_normalized": 0.2946708463949843,
            "02_best_standard": 0.22884012539184953,
            "03_best_normalized": 0.30407523510971785,
            "03_best_standard": 0.23510971786833856,
            "05_best_normalized": 0.30407523510971785,
            "05_best_standard": 0.23510971786833856,
            "10_best_normalized": 0.30407523510971785,
            "10_best_standard": 0.23510971786833856,
            "20_best_normalized": 0.30407523510971785,
            "20_best_standard": 0.23510971786833856
        },
        "f1": {
            "01_best_normalized": 0.5165129233653732,
            "01_best_standard": 0.4975021717221581,
            "02_best_normalized": 0.5727119004853765,
            "02_best_standard": 0.5514461415758886,
            "03_best_normalized": 0.6024664376016071,
            "03_best_standard": 0.5798450111808152,
            "05_best_normalized": 0.6149015281843805,
            "05_best_standard": 0.5918746662204158,
            "10_best_normalized": 0.6193896048616931,
            "10_best_standard": 0.596049825791501,
            "20_best_normalized": 0.6192423644323211,
            "20_best_standard": 0.5959326164788895
        },
        "metric_stats": {
            "count_of_bad_no_answer_predictions": 0,
            "count_of_bad_predictions": 249,
            "count_of_good_no_answer_predictions": 0,
            "count_of_good_predictions": 68,
            "count_of_no_answer_actuals": 0,
            "count_of_no_answer_predictions": 0,
            "count_of_normal_actuals": 317,
            "count_of_start_after_end_predictions": 14,
            "total_predictions": 317
        },
        "precision": {
            "01_best_normalized": 0.5550337209793279,
            "01_best_standard": 0.5323802197114422,
            "02_best_normalized": 0.6238821509972893,
            "02_best_standard": 0.5998607860441201,
            "03_best_normalized": 0.671578304410321,
            "03_best_standard": 0.6445646041525426,
            "05_best_normalized": 0.6880526346777547,
            "05_best_standard": 0.6605650412483144,
            "10_best_normalized": 0.7017314845635012,
            "10_best_standard": 0.6733870907336498,
            "20_best_normalized": 0.7048662808017457,
            "20_best_standard": 0.6765218869718943
        },
        "recall": {
            "01_best_normalized": 0.5759520331889763,
            "01_best_standard": 0.5540339120326798,
            "02_best_normalized": 0.6417738459788216,
            "02_best_standard": 0.6154811989034508,
            "03_best_normalized": 0.6696958259728634,
            "03_best_standard": 0.6425085224293138,
            "05_best_normalized": 0.6844510282683082,
            "05_best_standard": 0.6566936802960133,
            "10_best_normalized": 0.6870903616708971,
            "10_best_standard": 0.6591602020110464,
            "20_best_normalized": 0.6869284277521575,
            "20_best_standard": 0.6590337989369236
        }
    },
    "squad_evaluation": {
        "accuracy": {
            "end_accuracy": 0.11158178492346202,
            "full_accuracy": 0.04168672378935207,
            "start_accuracy": 0.11042649465678252
        },
        "exact_match": {
            "01_best_normalized": 0.04796594134342479,
            "01_best_standard": 0.0413434247871334,
            "02_best_normalized": 0.05704824976348155,
            "02_best_standard": 0.048344370860927154,
            "03_best_normalized": 0.057899716177861875,
            "03_best_standard": 0.04957426679280984,
            "05_best_normalized": 0.05837275307473983,
            "05_best_standard": 0.049858088930936614,
            "10_best_normalized": 0.0586565752128666,
            "10_best_standard": 0.049952696310312204,
            "20_best_normalized": 0.0586565752128666,
            "20_best_standard": 0.049952696310312204
        },
        "f1": {
            "01_best_normalized": 0.11727640130428606,
            "01_best_standard": 0.11336108289098681,
            "02_best_normalized": 0.14375759783135914,
            "02_best_standard": 0.13860306472844028,
            "03_best_normalized": 0.14785790526891424,
            "03_best_standard": 0.14276206669321323,
            "05_best_normalized": 0.14952479230979476,
            "05_best_standard": 0.1442666499008956,
            "10_best_normalized": 0.1498282111709767,
            "10_best_standard": 0.14463561556332843,
            "20_best_normalized": 0.14991941426078703,
            "20_best_standard": 0.1447100299444655
        },
        "metric_stats": {
            "count_of_bad_no_answer_predictions": 0,
            "count_of_bad_predictions": 9923,
            "count_of_good_no_answer_predictions": 0,
            "count_of_good_predictions": 464,
            "count_of_no_answer_predictions": 0,
            "count_of_start_after_end_predictions": 1403,
            "total_predictions": 10387
        },
        "precision": {
            "01_best_normalized": 0.10172771958923606,
            "01_best_standard": 0.09847214968381958,
            "02_best_normalized": 0.12447548709803148,
            "02_best_standard": 0.12020225144524878,
            "03_best_normalized": 0.12826210930430892,
            "03_best_standard": 0.12389701946416164,
            "05_best_normalized": 0.12972910591965164,
            "05_best_standard": 0.12522529071686353,
            "10_best_normalized": 0.1299109628826317,
            "10_best_standard": 0.1255551360977734,
            "20_best_normalized": 0.1300685445787659,
            "20_best_standard": 0.12569818145821005
        },
        "recall": {
            "01_best_normalized": 0.21115370607044703,
            "01_best_standard": 0.20297424985288195,
            "02_best_normalized": 0.2613052272293799,
            "02_best_standard": 0.25119577080693006,
            "03_best_normalized": 0.2691884232994537,
            "03_best_standard": 0.259385379955161,
            "05_best_normalized": 0.2719430606191089,
            "05_best_standard": 0.26188546853471995,
            "10_best_normalized": 0.27237107227726554,
            "10_best_standard": 0.26223712368604396,
            "20_best_normalized": 0.2722848744427233,
            "20_best_standard": 0.26215388147886604
        }
    },
    "training": {
        "attempted_epochs": 4,
        "best_epoch": 2,
        "gpu": "NVIDIA GeForce RTX 3070 Ti",
        "history": {
            "end_logits_accuracy": [
                0.18313953280448914,
                0.3720930218696594,
                0.4832848906517029,
                0.6097383499145508
            ],
            "end_logits_loss": [
                3.588634729385376,
                2.346675395965576,
                1.6265578269958496,
                1.2580567598342896
            ],
            "loss": [
                6.825789928436279,
                4.2583489418029785,
                2.96645450592041,
                2.218069314956665
            ],
            "start_logits_accuracy": [
                0.21075581014156342,
                0.46293604373931885,
                0.6061046719551086,
                0.7216569781303406
            ],
            "start_logits_loss": [
                3.237154245376587,
                1.9116734266281128,
                1.3398966789245605,
                0.960013747215271
            ],
            "val_end_logits_accuracy": [
                0.2871621549129486,
                0.375,
                0.40202704071998596,
                0.3952702581882477
            ],