{
    "test_set": {
        "bleu": {
            "bleu": 0.0,
            "brevity_penalty": 0.6227038648477501,
            "length_ratio": 0.6785714285714286,
            "precisions": [
                0.5263157894736842,
                0.25,
                0.16666666666666666,
                0.0
            ],
            "reference_length": 28,
            "translation_length": 19
        },
        "loss": 2.7252089977264404,
        "rogue": {
            "rouge1": 0.46734693877551026,
            "rouge2": 0.1285714285714286,
            "rougeL": 0.4625850340136055,
            "rougeLsum": 0.4680272108843538
        }
    },
    "training": {
        "attempted_epochs": 1,
        "best_epoch": "best_epoch",
        "gpu": "NVIDIA GeForce RTX 4070",
        "metrics": "history.history",
        "training_time": "time_measure_cb.total_training_time()"
    }
}