{
    "evaluation": {
        "accuracy": {
            "end_accuracy": 0.46557377049180326,
            "full_accuracy": 0.2360655737704918,
            "start_accuracy": 0.42950819672131146
        },
        "exact_match": {
            "01_best_normalized": 0.29780564263322884,
            "01_best_standard": 0.219435736677116,
            "02_best_normalized": 0.31347962382445144,
            "02_best_standard": 0.23197492163009403,
            "03_best_normalized": 0.3166144200626959,
            "03_best_standard": 0.23510971786833856,
            "05_best_normalized": 0.3166144200626959,
            "05_best_standard": 0.23510971786833856,
            "10_best_normalized": 0.3166144200626959,
            "10_best_standard": 0.23510971786833856,
            "20_best_normalized": 0.3166144200626959,
            "20_best_standard": 0.23510971786833856
        },
        "f1": {
            "01_best_normalized": 0.5320716343951724,
            "01_best_standard": 0.5103745886868025,
            "02_best_normalized": 0.5841445356453605,
            "02_best_standard": 0.5624406558444497,
            "03_best_normalized": 0.6130537940466535,
            "03_best_standard": 0.5898864808136549,
            "05_best_normalized": 0.6436157985763121,
            "05_best_standard": 0.6203120865698573,
            "10_best_normalized": 0.6470424579413132,
            "10_best_standard": 0.6244714143700221,
            "20_best_normalized": 0.6472166132878824,
            "20_best_standard": 0.6245510643651861
        },
        "metric_stats": {
            "count_of_bad_no_answer_predictions": 0,
            "count_of_bad_predictions": 233,
            "count_of_good_no_answer_predictions": 0,
            "count_of_good_predictions": 72,
            "count_of_no_answer_actuals": 0,
            "count_of_no_answer_predictions": 0,
            "count_of_normal_actuals": 305,
            "count_of_start_after_end_predictions": 10,
            "total_predictions": 305
        },
        "precision": {
            "01_best_normalized": 0.5571456464869752,
            "01_best_standard": 0.5359001771548348,
            "02_best_normalized": 0.6236668252083039,
            "02_best_standard": 0.6020745338515282,
            "03_best_normalized": 0.6751891478259612,
            "03_best_standard": 0.6495072126321694,
            "05_best_normalized": 0.7157828931610859,
            "05_best_standard": 0.6917236056599215,
            "10_best_normalized": 0.7219853114324697,
            "10_best_standard": 0.6982802251729305,
            "20_best_normalized": 0.7220133006845968,
            "20_best_standard": 0.6982917501591005
        },
        "recall": {
            "01_best_normalized": 0.5786341180333092,
            "01_best_standard": 0.5525860600074401,
            "02_best_normalized": 0.6314547461510394,
            "02_best_standard": 0.605125179608269,
            "03_best_normalized": 0.6547237120644289,
            "03_best_standard": 0.6271680322489225,
            "05_best_normalized": 0.6802350375169512,
            "05_best_standard": 0.6524427056091195,
            "10_best_normalized": 0.6826610403162526,
            "10_best_standard": 0.6555576541897501,
            "20_best_normalized": 0.6828260295919497,
            "20_best_standard": 0.6556341126345853
        }
    },
    "squad_evaluation": {
        "accuracy": {
            "end_accuracy": 0.15676615473775718,
            "full_accuracy": 0.07852796290930165,
            "start_accuracy": 0.17647058823529413
        },
        "exact_match": {
            "01_best_normalized": 0.09063386944181646,
            "01_best_standard": 0.07767265846736045,
            "02_best_normalized": 0.10643330179754021,
            "02_best_standard": 0.09120151371807,
            "03_best_normalized": 0.10860927152317881,
            "03_best_standard": 0.09309366130558183,
            "05_best_normalized": 0.11050141911069064,
            "05_best_standard": 0.0946073793755913,
            "10_best_normalized": 0.11002838221381268,
            "10_best_standard": 0.09422894985808893,
            "20_best_normalized": 0.11002838221381268,
            "20_best_standard": 0.09422894985808893
        },
        "f1": {
            "01_best_normalized": 0.16411068948922208,
            "01_best_standard": 0.15693239347255664,
            "02_best_normalized": 0.19598651687526472,
            "02_best_standard": 0.18746345894838698,
            "03_best_normalized": 0.2027970935318106,
            "03_best_standard": 0.19378561307632486,
            "05_best_normalized": 0.20682547853556005,
            "05_best_standard": 0.1976896573629562,
            "10_best_normalized": 0.20717027144114053,
            "10_best_standard": 0.19791072947266825,
            "20_best_normalized": 0.207323714138189,
            "20_best_standard": 0.1980160471015524
        },
        "metric_stats": {
            "count_of_bad_no_answer_predictions": 0,
            "count_of_bad_predictions": 9491,
            "count_of_good_no_answer_predictions": 0,
            "count_of_good_predictions": 862,
            "count_of_no_answer_predictions": 0,
            "count_of_start_after_end_predictions": 1472,
            "total_predictions": 10353
        },
        "precision": {
            "01_best_normalized": 0.15394186170292815,
            "01_best_standard": 0.14798020588866276,
            "02_best_normalized": 0.1837003893067793,
            "02_best_standard": 0.17659030474503926,
            "03_best_normalized": 0.19001262250941064,
            "03_best_standard": 0.1825443139564091,
            "05_best_normalized": 0.1938441261517835,
            "05_best_standard": 0.18620894348408787,
            "10_best_normalized": 0.1941001537570868,
            "10_best_standard": 0.18636163455932317,
            "20_best_normalized": 0.1942642781050622,
            "20_best_standard": 0.18649320552698687
        },
        "recall": {
            "01_best_normalized": 0.23723611687641408,
            "01_best_standard": 0.22637085160784765,
            "02_best_normalized": 0.28598621203719143,
            "02_best_standard": 0.272828883164926,
            "03_best_normalized": 0.29781791210634223,
            "03_best_standard": 0.283586992578901,
            "05_best_normalized": 0.30440481615926207,
            "05_best_standard": 0.28990560268959886,
            "10_best_normalized": 0.30576272898122414,
            "10_best_standard": 0.29103176497470157,
            "20_best_normalized": 0.3059251383158189,
            "20_best_standard": 0.29113365220762
        }
    },
    "training": {
        "attempted_epochs": 3,
        "best_epoch": 2,
        "gpu": "NVIDIA GeForce RTX 3070 Ti",
        "history": {
            "end_logits_accuracy": [
                0.2555282413959503,
                0.5085995197296143,
                0.6775184273719788
            ],
            "end_logits_loss": [
                2.9895436763763428,
                1.6532469987869263,
                1.048121690750122
            ],
            "loss": [
                5.8866400718688965,
                3.2078917026519775,
                1.9714714288711548
            ],
            "start_logits_accuracy": [
                0.24631449580192566,
                0.522113025188446,
                0.710073709487915
            ],
            "start_logits_loss": [
                2.897101640701294,
                1.5546456575393677,
                0.9233494997024536
            ]
        },
        "training_time": 200.42669200000012
    }
}