{
    "accuracy": {
        "end_accuracy": 0.46557377049180326,
        "full_accuracy": 0.2360655737704918,
        "start_accuracy": 0.42950819672131146
    },
    "exact_match": {
        "01_best_normalized": 0.29780564263322884,
        "01_best_standard": 0.219435736677116,
        "02_best_normalized": 0.31347962382445144,
        "02_best_standard": 0.23197492163009403,
        "03_best_normalized": 0.3166144200626959,
        "03_best_standard": 0.23510971786833856,
        "05_best_normalized": 0.3166144200626959,
        "05_best_standard": 0.23510971786833856,
        "10_best_normalized": 0.3166144200626959,
        "10_best_standard": 0.23510971786833856,
        "20_best_normalized": 0.3166144200626959,
        "20_best_standard": 0.23510971786833856
    },
    "f1": {
        "01_best_normalized": 0.5320716343951724,
        "01_best_standard": 0.5103745886868025,
        "02_best_normalized": 0.5841445356453605,
        "02_best_standard": 0.5624406558444497,
        "03_best_normalized": 0.6130537940466535,
        "03_best_standard": 0.5898864808136549,
        "05_best_normalized": 0.6436157985763121,
        "05_best_standard": 0.6203120865698573,
        "10_best_normalized": 0.6470424579413132,
        "10_best_standard": 0.6244714143700221,
        "20_best_normalized": 0.6472166132878824,
        "20_best_standard": 0.6245510643651861
    },
    "metric_stats": {
        "count_of_bad_no_answer_predictions": 0,
        "count_of_bad_predictions": 233,
        "count_of_good_no_answer_predictions": 0,
        "count_of_good_predictions": 72,
        "count_of_no_answer_actuals": 0,
        "count_of_no_answer_predictions": 0,
        "count_of_normal_actuals": 305,
        "count_of_start_after_end_predictions": 10,
        "total_predictions": 305
    },
    "precision": {
        "01_best_normalized": 0.5571456464869752,
        "01_best_standard": 0.5359001771548348,
        "02_best_normalized": 0.6236668252083039,
        "02_best_standard": 0.6020745338515282,
        "03_best_normalized": 0.6751891478259612,
        "03_best_standard": 0.6495072126321694,
        "05_best_normalized": 0.7157828931610859,
        "05_best_standard": 0.6917236056599215,
        "10_best_normalized": 0.7219853114324697,
        "10_best_standard": 0.6982802251729305,
        "20_best_normalized": 0.7220133006845968,
        "20_best_standard": 0.6982917501591005
    },
    "recall": {
        "01_best_normalized": 0.5786341180333092,
        "01_best_standard": 0.5525860600074401,
        "02_best_normalized": 0.6314547461510394,
        "02_best_standard": 0.605125179608269,
        "03_best_normalized": 0.6547237120644289,
        "03_best_standard": 0.6271680322489225,
        "05_best_normalized": 0.6802350375169512,
        "05_best_standard": 0.6524427056091195,
        "10_best_normalized": 0.6826610403162526,
        "10_best_standard": 0.6555576541897501,
        "20_best_normalized": 0.6828260295919497,
        "20_best_standard": 0.6556341126345853
    }
}