{
    "end_logits_accuracy": [
        0.22386296093463898,
        0.4613112807273865,
        0.604252815246582
    ],
    "end_logits_loss": [
        3.1621453762054443,
        1.8354638814926147,
        1.2272958755493164
    ],
    "loss": [
        6.176424026489258,
        3.542337417602539,
        2.386960983276367
    ],
    "start_logits_accuracy": [
        0.23685765266418457,
        0.4772593080997467,
        0.6231541633605957
    ],
    "start_logits_loss": [
        3.0142786502838135,
        1.7068732976913452,
        1.1596654653549194
    ]
}