{
    "accuracy": {
        "end_accuracy": 0.15676615473775718,
        "full_accuracy": 0.07852796290930165,
        "start_accuracy": 0.17647058823529413
    },
    "exact_match": {
        "01_best_normalized": 0.09063386944181646,
        "01_best_standard": 0.07767265846736045,
        "02_best_normalized": 0.10643330179754021,
        "02_best_standard": 0.09120151371807,
        "03_best_normalized": 0.10860927152317881,
        "03_best_standard": 0.09309366130558183,
        "05_best_normalized": 0.11050141911069064,
        "05_best_standard": 0.0946073793755913,
        "10_best_normalized": 0.11002838221381268,
        "10_best_standard": 0.09422894985808893,
        "20_best_normalized": 0.11002838221381268,
        "20_best_standard": 0.09422894985808893
    },
    "f1": {
        "01_best_normalized": 0.16411068948922208,
        "01_best_standard": 0.15693239347255664,
        "02_best_normalized": 0.19598651687526472,
        "02_best_standard": 0.18746345894838698,
        "03_best_normalized": 0.2027970935318106,
        "03_best_standard": 0.19378561307632486,
        "05_best_normalized": 0.20682547853556005,
        "05_best_standard": 0.1976896573629562,
        "10_best_normalized": 0.20717027144114053,
        "10_best_standard": 0.19791072947266825,
        "20_best_normalized": 0.207323714138189,
        "20_best_standard": 0.1980160471015524
    },
    "metric_stats": {
        "count_of_bad_no_answer_predictions": 0,
        "count_of_bad_predictions": 9491,
        "count_of_good_no_answer_predictions": 0,
        "count_of_good_predictions": 862,
        "count_of_no_answer_predictions": 0,
        "count_of_start_after_end_predictions": 1472,
        "total_predictions": 10353
    },
    "precision": {
        "01_best_normalized": 0.15394186170292815,
        "01_best_standard": 0.14798020588866276,
        "02_best_normalized": 0.1837003893067793,
        "02_best_standard": 0.17659030474503926,
        "03_best_normalized": 0.19001262250941064,
        "03_best_standard": 0.1825443139564091,
        "05_best_normalized": 0.1938441261517835,
        "05_best_standard": 0.18620894348408787,
        "10_best_normalized": 0.1941001537570868,
        "10_best_standard": 0.18636163455932317,
        "20_best_normalized": 0.1942642781050622,
        "20_best_standard": 0.18649320552698687
    },
    "recall": {
        "01_best_normalized": 0.23723611687641408,
        "01_best_standard": 0.22637085160784765,
        "02_best_normalized": 0.28598621203719143,
        "02_best_standard": 0.272828883164926,
        "03_best_normalized": 0.29781791210634223,
        "03_best_standard": 0.283586992578901,
        "05_best_normalized": 0.30440481615926207,
        "05_best_standard": 0.28990560268959886,
        "10_best_normalized": 0.30576272898122414,
        "10_best_standard": 0.29103176497470157,
        "20_best_normalized": 0.3059251383158189,
        "20_best_standard": 0.29113365220762
    }
}