{
    "test_set": {
        "bleu": {
            "bleu": 0.07030980037099266,
            "brevity_penalty": 0.5277382116090479,
            "length_ratio": 0.6100704588417254,
            "precisions": [
                0.3880281690140845,
                0.1611750694720127,
                0.0912280701754386,
                0.05522041763341067
            ],
            "reference_length": 11638,
            "translation_length": 7100
        },
        "closed_questions": {
            "closed_questions_number": 224,
            "correct_answers_number": 157,
            "long_answers_for_closed_questions_number": 0,
            "wrong_answers_number": 67
        },
        "loss": 2.63051176071167,
        "meteor": {
            "meteor": 0.22793994219862312
        },
        "rogue": {
            "rouge1": 0.34450695790537106,
            "rouge2": 0.10688630983209277,
            "rougeL": 0.3387204018052473,
            "rougeLsum": 0.33870537281025986
        }
    },
    "training": {
        "attempted_epochs": 3,
        "best_epoch": 3,
        "gpu": "NVIDIA GeForce RTX 4070",
        "metrics": {
            "loss": [
                2.6109752655029297,
                1.9724246263504028,
                1.6591230630874634
            ]
        },
        "training_time": 4304.381244299933
    }
}