{
    "evaluation": {
        "accuracy": {
            "end_accuracy": 0.4780058651026393,
            "full_accuracy": 0.2727272727272727,
            "start_accuracy": 0.4252199413489736
        },
        "exact_match": {
            "01_best_normalized": 0.2601880877742947,
            "01_best_standard": 0.21003134796238246,
            "02_best_normalized": 0.2884012539184953,
            "02_best_standard": 0.23197492163009403,
            "03_best_normalized": 0.2946708463949843,
            "03_best_standard": 0.23510971786833856,
            "05_best_normalized": 0.29153605015673983,
            "05_best_standard": 0.23197492163009403,
            "10_best_normalized": 0.29153605015673983,
            "10_best_standard": 0.23197492163009403,
            "20_best_normalized": 0.29153605015673983,
            "20_best_standard": 0.23197492163009403
        },
        "f1": {
            "01_best_normalized": 0.4635585228015464,
            "01_best_standard": 0.4424374672044271,
            "02_best_normalized": 0.5545828662709669,
            "02_best_standard": 0.5318840487615603,
            "03_best_normalized": 0.5953913147241051,
            "03_best_standard": 0.5712807641350336,
            "05_best_normalized": 0.6068594455105889,
            "05_best_standard": 0.5820980553721562,
            "10_best_normalized": 0.6202846918078184,
            "10_best_standard": 0.5950045551685592,
            "20_best_normalized": 0.6194504938042946,
            "20_best_standard": 0.5944672442864207
        },
        "metric_stats": {
            "count_of_bad_no_answer_predictions": 2,
            "count_of_bad_predictions": 248,
            "count_of_good_no_answer_predictions": 22,
            "count_of_good_predictions": 93,
            "count_of_no_answer_actuals": 22,
            "count_of_no_answer_predictions": 24,
            "count_of_normal_actuals": 319,
            "count_of_start_after_end_predictions": 19,
            "total_predictions": 341
        },
        "precision": {
            "01_best_normalized": 0.48122199435857765,
            "01_best_standard": 0.4622968549095076,
            "02_best_normalized": 0.5963064480146546,
            "02_best_standard": 0.574884046564318,
            "03_best_normalized": 0.6571309030789216,
            "03_best_standard": 0.6340186628444259,
            "05_best_normalized": 0.6819729154489579,
            "05_best_standard": 0.657215496436797,
            "10_best_normalized": 0.7094739960913858,
            "10_best_standard": 0.6832467504556122,
            "20_best_normalized": 0.7092650096755029,
            "20_best_standard": 0.6832027533154265
        },
        "recall": {
            "01_best_normalized": 0.5305892768899542,
            "01_best_standard": 0.5039835658480053,
            "02_best_normalized": 0.6257653106971856,
            "02_best_standard": 0.5975775033951006,
            "03_best_normalized": 0.6622893392974449,
            "03_best_standard": 0.6334778524242783,
            "05_best_normalized": 0.6696255293183172,
            "05_best_standard": 0.6404115741871594,
            "10_best_normalized": 0.6773072552921895,
            "10_best_standard": 0.6477379700672145,
            "20_best_normalized": 0.676644409488278,
            "20_best_standard": 0.647303986179393
        }
    },
    "squad_evaluation": {
        "accuracy": {
            "end_accuracy": 0.05627425614489004,
            "full_accuracy": 0.03077065237479209,
            "start_accuracy": 0.06985769728331177
        },
        "exact_match": {
            "01_best_normalized": 0.0239356669820246,
            "01_best_standard": 0.02043519394512772,
            "02_best_normalized": 0.11144749290444654,
            "02_best_standard": 0.09413434247871334,
            "03_best_normalized": 0.13017975402081364,
            "03_best_standard": 0.10917691579943235,
            "05_best_normalized": 0.13850520340586567,
            "05_best_standard": 0.11646168401135289,
            "10_best_normalized": 0.13992431409649952,
            "10_best_standard": 0.11788079470198676,
            "20_best_normalized": 0.14077578051087986,
            "20_best_standard": 0.11873226111636707
        },
        "f1": {
            "01_best_normalized": 0.04037286423183633,
            "01_best_standard": 0.03807856830105001,
            "02_best_normalized": 0.19846594892687974,
            "02_best_standard": 0.1855355259749199,
            "03_best_normalized": 0.23799621237196097,
            "03_best_standard": 0.22271743856358747,
            "05_best_normalized": 0.25605695755251806,
            "05_best_standard": 0.2398566646978525,
            "10_best_normalized": 0.2618653395071414,
            "10_best_standard": 0.2453388598245109,
            "20_best_normalized": 0.2634895972260808,
            "20_best_standard": 0.24680378094506478
        },
        "metric_stats": {
            "count_of_bad_no_answer_predictions": 7606,
            "count_of_bad_predictions": 10476,
            "count_of_good_no_answer_predictions": 117,
            "count_of_good_predictions": 346,
            "count_of_no_answer_predictions": 7723,
            "count_of_start_after_end_predictions": 679,
            "total_predictions": 10822
        },
        "precision": {
            "01_best_normalized": 0.03728198205803095,
            "01_best_standard": 0.03536688270124216,
            "02_best_normalized": 0.18283812655109968,
            "02_best_standard": 0.17210616201006612,
            "03_best_normalized": 0.219296446104768,
            "03_best_standard": 0.2062991970868832,
            "05_best_normalized": 0.23641285924388514,
            "05_best_standard": 0.22269281626950382,
            "10_best_normalized": 0.24113481896900374,
            "10_best_standard": 0.22710478866883507,
            "20_best_normalized": 0.24272890583017329,
            "20_best_standard": 0.22851123823877767
        },
        "recall": {
            "01_best_normalized": 0.058964665483044326,
            "01_best_standard": 0.05528533516740393,
            "02_best_normalized": 0.29573814117957375,
            "02_best_standard": 0.27525792921284614,
            "03_best_normalized": 0.3589722115051557,
            "03_best_standard": 0.3347605057399831,
            "05_best_normalized": 0.3870595892319498,
            "05_best_standard": 0.3611762769193482,
            "10_best_normalized": 0.39847154038327925,
            "10_best_standard": 0.37203217841493236,
            "20_best_normalized": 0.40118312564124264,
            "20_best_standard": 0.37431159108152584
        }
    },
    "training": {
        "attempted_epochs": 4,
        "best_epoch": 2,
        "gpu": "NVIDIA GeForce RTX 3070 Ti",
        "history": {
            "end_logits_accuracy": [
                0.2702527642250061,
                0.47180816531181335,
                0.620868444442749,
                0.7472456097602844
            ],
            "end_logits_loss": [
                3.1328532695770264,
                1.8651556968688965,
                1.227196216583252,
                0.8370629549026489
            ],
            "loss": [
                6.199079513549805,
                3.6042728424072266,
                2.3645169734954834,
                1.5919933319091797
            ],
            "start_logits_accuracy": [
                0.25793907046318054,
                0.5055087208747864,
                0.6448476910591125,
                0.7712249159812927
            ],
            "start_logits_loss": [
                3.066227436065674,
                1.7391142845153809,
                1.1373205184936523,
                0.7549304366111755
            ],
            "val_end_logits_accuracy": [
                0.3384615480899811,
                0.381538450717926,
                0.39076924324035645,
                0.4030769169330597
            ],