{
    "end_logits_accuracy": [
        0.2702527642250061,
        0.47180816531181335,
        0.620868444442749,
        0.7472456097602844
    ],
    "end_logits_loss": [
        3.1328532695770264,
        1.8651556968688965,
        1.227196216583252,
        0.8370629549026489
    ],
    "loss": [
        6.199079513549805,
        3.6042728424072266,
        2.3645169734954834,
        1.5919933319091797
    ],
    "start_logits_accuracy": [
        0.25793907046318054,
        0.5055087208747864,
        0.6448476910591125,
        0.7712249159812927
    ],
    "start_logits_loss": [
        3.066227436065674,
        1.7391142845153809,
        1.1373205184936523,
        0.7549304366111755
    ],
    "val_end_logits_accuracy": [
        0.3384615480899811,
        0.381538450717926,
        0.39076924324035645,
        0.4030769169330597
    ],
    "val_end_logits_loss": [
        2.4223239421844482,
        2.464458703994751,
        2.5360074043273926,
        2.6404314041137695
    ],
    "val_loss": [
        4.697423934936523,
        4.683014392852783,
        4.928196907043457,
        5.255724906921387
    ],
    "val_start_logits_accuracy": [
        0.3969230651855469,
        0.4338461458683014,
        0.44923076033592224,
        0.446153849363327
    ],
    "val_start_logits_loss": [
        2.2751002311706543,
        2.2185559272766113,
        2.3921899795532227,
        2.6152939796447754
    ]
}