{
    "evaluation": {
        "accuracy": {
            "end_accuracy": 0.4604105571847507,
            "full_accuracy": 0.24926686217008798,
            "start_accuracy": 0.41935483870967744
        },
        "exact_match": {
            "01_best_normalized": 0.26332288401253917,
            "01_best_standard": 0.21003134796238246,
            "02_best_normalized": 0.2946708463949843,
            "02_best_standard": 0.23510971786833856,
            "03_best_normalized": 0.30094043887147337,
            "03_best_standard": 0.2413793103448276,
            "05_best_normalized": 0.30094043887147337,
            "05_best_standard": 0.2413793103448276,
            "10_best_normalized": 0.30094043887147337,
            "10_best_standard": 0.2413793103448276,
            "20_best_normalized": 0.30407523510971785,
            "20_best_standard": 0.2445141065830721
        },
        "f1": {
            "01_best_normalized": 0.49271519917566814,
            "01_best_standard": 0.4760907467632046,
            "02_best_normalized": 0.5752821466061221,
            "02_best_standard": 0.555439618469745,
            "03_best_normalized": 0.6026001062079523,
            "03_best_standard": 0.5815675731185138,
            "05_best_normalized": 0.6118152957252905,
            "05_best_standard": 0.5897186504386159,
            "10_best_normalized": 0.6163407679508215,
            "10_best_standard": 0.5938818984890112,
            "20_best_normalized": 0.6207322165182926,
            "20_best_standard": 0.5983463890027028
        },
        "metric_stats": {
            "count_of_bad_no_answer_predictions": 1,
            "count_of_bad_predictions": 256,
            "count_of_good_no_answer_predictions": 22,
            "count_of_good_predictions": 85,
            "count_of_no_answer_actuals": 22,
            "count_of_no_answer_predictions": 23,
            "count_of_normal_actuals": 319,
            "count_of_start_after_end_predictions": 19,
            "total_predictions": 341
        },
        "precision": {
            "01_best_normalized": 0.5222110284768761,
            "01_best_standard": 0.5034516729337049,
            "02_best_normalized": 0.6268033072104034,
            "02_best_standard": 0.6026556463859486,
            "03_best_normalized": 0.6739031534584925,
            "03_best_standard": 0.6482624248231034,
            "05_best_normalized": 0.6876321926185661,
            "05_best_standard": 0.6611240158230985,
            "10_best_normalized": 0.6948969585040216,
            "10_best_standard": 0.6677745548265785,
            "20_best_normalized": 0.7011665509805106,
            "20_best_standard": 0.6740441473030676
        },
        "recall": {
            "01_best_normalized": 0.5471017618115868,
            "01_best_standard": 0.531888254379788,
            "02_best_normalized": 0.6403570594394702,
            "02_best_standard": 0.6211797218852627,
            "03_best_normalized": 0.6636768458213333,
            "03_best_standard": 0.6423926424530809,
            "05_best_normalized": 0.6676144752388057,
            "05_best_standard": 0.6452870632695338,
            "10_best_normalized": 0.672466152935311,
            "10_best_standard": 0.6498714809941556,
            "20_best_normalized": 0.6764045993819441,
            "20_best_standard": 0.6538811703643466
        }
    },
    "squad_evaluation": {
        "accuracy": {
            "end_accuracy": 0.04139715394566624,
            "full_accuracy": 0.023932729624838292,
            "start_accuracy": 0.04740343744224727
        },
        "exact_match": {
            "01_best_normalized": 0.01750236518448439,
            "01_best_standard": 0.014096499526963104,
            "02_best_normalized": 0.09356669820245979,
            "02_best_standard": 0.07729422894985809,
            "03_best_normalized": 0.11154210028382214,
            "03_best_standard": 0.09148533585619678,
            "05_best_normalized": 0.12166508987701041,
            "05_best_standard": 0.09933774834437085,
            "10_best_normalized": 0.12327341532639546,
            "10_best_standard": 0.10075685903500473,
            "20_best_normalized": 0.12327341532639546,
            "20_best_standard": 0.1011352885525071
        },
        "f1": {
            "01_best_normalized": 0.031923834164527674,
            "01_best_standard": 0.030299056563851273,
            "02_best_normalized": 0.1822559401139254,
            "02_best_standard": 0.1718175854525879,
            "03_best_normalized": 0.22930838164080852,
            "03_best_standard": 0.21576554284036104,
            "05_best_normalized": 0.2529684382913227,
            "05_best_standard": 0.23801157702632883,
            "10_best_normalized": 0.25606393919877546,
            "10_best_standard": 0.24109651158193682,
            "20_best_normalized": 0.25592058951188446,
            "20_best_standard": 0.2412231641474409
        },
        "metric_stats": {
            "count_of_bad_no_answer_predictions": 8291,
            "count_of_bad_predictions": 10558,
            "count_of_good_no_answer_predictions": 112,
            "count_of_good_predictions": 264,
            "count_of_no_answer_predictions": 8403,
            "count_of_start_after_end_predictions": 537,
            "total_predictions": 10822
        },
        "precision": {
            "01_best_normalized": 0.028926141853159223,
            "01_best_standard": 0.02736977698864151,
            "02_best_normalized": 0.16242851480558784,
            "02_best_standard": 0.15306909847325575,
            "03_best_normalized": 0.20302365804733774,
            "03_best_standard": 0.1908579213737024,
            "05_best_normalized": 0.22383308879827105,
            "05_best_standard": 0.21049483943317407,
            "10_best_normalized": 0.22671379251303522,
            "10_best_standard": 0.2132681986133796,
            "20_best_normalized": 0.22666809780126718,
            "20_best_standard": 0.21347585860695387
        },
        "recall": {
            "01_best_normalized": 0.047973838244552994,
            "01_best_standard": 0.04578016542817239,
            "02_best_normalized": 0.2842420241282026,
            "02_best_standard": 0.26965393606511745,
            "03_best_normalized": 0.3682934103776863,
            "03_best_standard": 0.34807629577068866,
            "05_best_normalized": 0.4094458923742862,
            "05_best_standard": 0.3871500388098987,
            "10_best_normalized": 0.41380382587171016,
            "10_best_standard": 0.3914506220752078,
            "20_best_normalized": 0.41348463859415013,
            "20_best_standard": 0.39125656431965533
        }
    },
    "training": {
        "attempted_epochs": 4,
        "best_epoch": 1,
        "gpu": "NVIDIA GeForce RTX 3070 Ti",
        "history": {
            "end_logits_accuracy": [
                0.292935848236084,
                0.5405055284500122,
                0.7297472357749939
            ],
            "end_logits_loss": [
                2.9722580909729004,
                1.6155089139938354,
                0.8825652003288269
            ],
            "loss": [
                5.788364887237549,
                3.0285918712615967,
                1.5203381776809692
            ],
            "start_logits_accuracy": [
                0.2961762845516205,
                0.5722618103027344,
                0.8010369539260864
            ],
            "start_logits_loss": [
                2.816110610961914,
                1.4130815267562866,
                0.6377729773521423
            ],
            "val_end_logits_accuracy": [
                0.4061538577079773,
                0.4123076796531677,
                0.42461538314819336
            ],
            "val_end_logits_loss": [
                2.24410080909729,
                2.5744564533233643,
                2.720385789871216
            ],