{
    "evaluation": {
        "accuracy": {
            "end_accuracy": 0.4574780058651026,
            "full_accuracy": 0.2434017595307918,
            "start_accuracy": 0.4340175953079179
        },
        "exact_match": {
            "01_best_normalized": 0.23510971786833856,
            "01_best_standard": 0.19122257053291536,
            "02_best_normalized": 0.27899686520376177,
            "02_best_standard": 0.2225705329153605,
            "03_best_normalized": 0.2852664576802508,
            "03_best_standard": 0.22570532915360503,
            "05_best_normalized": 0.2852664576802508,
            "05_best_standard": 0.22884012539184953,
            "10_best_normalized": 0.2852664576802508,
            "10_best_standard": 0.22884012539184953,
            "20_best_normalized": 0.2852664576802508,
            "20_best_standard": 0.22884012539184953
        },
        "f1": {
            "01_best_normalized": 0.4535367188328021,
            "01_best_standard": 0.4332359257883388,
            "02_best_normalized": 0.575469847554731,
            "02_best_standard": 0.5536596814224333,
            "03_best_normalized": 0.6041576917208812,
            "03_best_standard": 0.5807620767143657,
            "05_best_normalized": 0.6263875544467601,
            "05_best_standard": 0.6021640748784035,
            "10_best_normalized": 0.6288747166596241,
            "10_best_standard": 0.6055152669227262,
            "20_best_normalized": 0.6313377708468162,
            "20_best_standard": 0.6078663641014095
        },
        "metric_stats": {
            "count_of_bad_no_answer_predictions": 3,
            "count_of_bad_predictions": 258,
            "count_of_good_no_answer_predictions": 22,
            "count_of_good_predictions": 83,
            "count_of_no_answer_actuals": 22,
            "count_of_no_answer_predictions": 25,
            "count_of_normal_actuals": 319,
            "count_of_start_after_end_predictions": 19,
            "total_predictions": 341
        },
        "precision": {
            "01_best_normalized": 0.46323982489134324,
            "01_best_standard": 0.44416069852750273,
            "02_best_normalized": 0.60858493179996,
            "02_best_standard": 0.5876283931710153,
            "03_best_normalized": 0.6546688512611615,
            "03_best_standard": 0.6310897786689994,
            "05_best_normalized": 0.6966988293966162,
            "05_best_standard": 0.6707876583820689,
            "10_best_normalized": 0.6979357263738784,
            "10_best_standard": 0.6738029972239798,
            "20_best_normalized": 0.7010705226121228,
            "20_best_standard": 0.6766966552900517
        },
        "recall": {
            "01_best_normalized": 0.5305854992017484,
            "01_best_standard": 0.5020170798874513,
            "02_best_normalized": 0.6562992747162444,
            "02_best_standard": 0.6257057873649073,
            "03_best_normalized": 0.6832915608113582,
            "03_best_standard": 0.6510335226456856,
            "05_best_normalized": 0.6977090953744964,
            "05_best_standard": 0.6655369619389087,
            "10_best_normalized": 0.7000049686925115,
            "10_best_standard": 0.6684215768686058,
            "20_best_normalized": 0.7020333662584345,
            "20_best_standard": 0.6704014481769706
        }
    },
    "squad_evaluation": {
        "accuracy": {
            "end_accuracy": 0.04675660691184624,
            "full_accuracy": 0.027998521530216227,
            "start_accuracy": 0.06098687858066901
        },
        "exact_match": {
            "01_best_normalized": 0.020056764427625356,
            "01_best_standard": 0.017691579943235572,
            "02_best_normalized": 0.053169347209082306,
            "02_best_standard": 0.04607379375591296,
            "03_best_normalized": 0.06433301797540208,
            "03_best_standard": 0.05553453169347209,
            "05_best_normalized": 0.07048249763481551,
            "05_best_standard": 0.06064333017975402,
            "10_best_normalized": 0.07473982970671712,
            "10_best_standard": 0.06404919583727531,
            "20_best_normalized": 0.0760643330179754,
            "20_best_standard": 0.0651844843897824
        },
        "f1": {
            "01_best_normalized": 0.039562442138487176,
            "01_best_standard": 0.03776714998095773,
            "02_best_normalized": 0.11643177998562376,
            "02_best_standard": 0.11065730968652882,
            "03_best_normalized": 0.14525890950363693,
            "03_best_standard": 0.13791113135685473,
            "05_best_normalized": 0.16620307734696926,
            "05_best_standard": 0.15797656934214865,
            "10_best_normalized": 0.18285925959868984,
            "10_best_standard": 0.17366853587805756,
            "20_best_normalized": 0.1880986602078339,
            "20_best_standard": 0.1785544308697585
        },
        "metric_stats": {
            "count_of_bad_no_answer_predictions": 7480,
            "count_of_bad_predictions": 10510,
            "count_of_good_no_answer_predictions": 117,
            "count_of_good_predictions": 312,
            "count_of_no_answer_predictions": 7597,
            "count_of_start_after_end_predictions": 867,
            "total_predictions": 10822
        },
        "precision": {
            "01_best_normalized": 0.036040678977429394,
            "01_best_standard": 0.034376250842699234,
            "02_best_normalized": 0.10498686974057925,
            "02_best_standard": 0.10031085245125095,
            "03_best_normalized": 0.13120391750126248,
            "03_best_standard": 0.12509654489827013,
            "05_best_normalized": 0.14973777490998286,
            "05_best_standard": 0.14312107700760826,
            "10_best_normalized": 0.16434456192936708,
            "10_best_standard": 0.1568485848565831,
            "20_best_normalized": 0.16895913317532166,
            "20_best_standard": 0.16118767211515445
        },
        "recall": {
            "01_best_normalized": 0.06117712255713815,
            "01_best_standard": 0.058170334256294406,
            "02_best_normalized": 0.1881071515562603,
            "02_best_standard": 0.1780319074325912,
            "03_best_normalized": 0.2387012694114946,
            "03_best_standard": 0.2256186438218972,
            "05_best_normalized": 0.2771506316775401,
            "05_best_standard": 0.2615268668095153,
            "10_best_normalized": 0.311229907964229,
            "10_best_standard": 0.29283000058080677,
            "20_best_normalized": 0.3218333534672237,
            "20_best_standard": 0.3026496183160305
        }
    },
    "training": {
        "attempted_epochs": 4,
        "best_epoch": 3,
        "gpu": "NVIDIA GeForce RTX 3070 Ti",
        "history": {
            "end_logits_accuracy": [
                0.21062864363193512,
                0.3998703956604004,
                0.5100453495979309,
                0.5664290189743042
            ],
            "end_logits_loss": [
                3.6574151515960693,
                2.2333524227142334,
                1.7356483936309814,
                1.4884039163589478
            ],
            "loss": [
                7.252076625823975,
                4.337605953216553,
                3.3596959114074707,
                2.8376400470733643
            ],
            "start_logits_accuracy": [
                0.19183409214019775,
                0.4296824336051941,
                0.5333765149116516,
                0.5871678590774536
            ],
            "start_logits_loss": [
                3.594663619995117,
                2.1042518615722656,
                1.624046802520752,
                1.3492379188537598
            ],
            "val_end_logits_accuracy": [
                0.33230769634246826,
                0.38769230246543884,
                0.4000000059604645,
                0.4092307686805725
            ],