{
    "accuracy": {
        "end_accuracy": 0.4604105571847507,
        "full_accuracy": 0.24926686217008798,
        "start_accuracy": 0.41935483870967744
    },
    "exact_match": {
        "01_best_normalized": 0.26332288401253917,
        "01_best_standard": 0.21003134796238246,
        "02_best_normalized": 0.2946708463949843,
        "02_best_standard": 0.23510971786833856,
        "03_best_normalized": 0.30094043887147337,
        "03_best_standard": 0.2413793103448276,
        "05_best_normalized": 0.30094043887147337,
        "05_best_standard": 0.2413793103448276,
        "10_best_normalized": 0.30094043887147337,
        "10_best_standard": 0.2413793103448276,
        "20_best_normalized": 0.30407523510971785,
        "20_best_standard": 0.2445141065830721
    },
    "f1": {
        "01_best_normalized": 0.49271519917566814,
        "01_best_standard": 0.4760907467632046,
        "02_best_normalized": 0.5752821466061221,
        "02_best_standard": 0.555439618469745,
        "03_best_normalized": 0.6026001062079523,
        "03_best_standard": 0.5815675731185138,
        "05_best_normalized": 0.6118152957252905,
        "05_best_standard": 0.5897186504386159,
        "10_best_normalized": 0.6163407679508215,
        "10_best_standard": 0.5938818984890112,
        "20_best_normalized": 0.6207322165182926,
        "20_best_standard": 0.5983463890027028
    },
    "metric_stats": {
        "count_of_bad_no_answer_predictions": 1,
        "count_of_bad_predictions": 256,
        "count_of_good_no_answer_predictions": 22,
        "count_of_good_predictions": 85,
        "count_of_no_answer_actuals": 22,
        "count_of_no_answer_predictions": 23,
        "count_of_normal_actuals": 319,
        "count_of_start_after_end_predictions": 19,
        "total_predictions": 341
    },
    "precision": {
        "01_best_normalized": 0.5222110284768761,
        "01_best_standard": 0.5034516729337049,
        "02_best_normalized": 0.6268033072104034,
        "02_best_standard": 0.6026556463859486,
        "03_best_normalized": 0.6739031534584925,
        "03_best_standard": 0.6482624248231034,
        "05_best_normalized": 0.6876321926185661,
        "05_best_standard": 0.6611240158230985,
        "10_best_normalized": 0.6948969585040216,
        "10_best_standard": 0.6677745548265785,
        "20_best_normalized": 0.7011665509805106,
        "20_best_standard": 0.6740441473030676
    },
    "recall": {
        "01_best_normalized": 0.5471017618115868,
        "01_best_standard": 0.531888254379788,
        "02_best_normalized": 0.6403570594394702,
        "02_best_standard": 0.6211797218852627,
        "03_best_normalized": 0.6636768458213333,
        "03_best_standard": 0.6423926424530809,
        "05_best_normalized": 0.6676144752388057,
        "05_best_standard": 0.6452870632695338,
        "10_best_normalized": 0.672466152935311,
        "10_best_standard": 0.6498714809941556,
        "20_best_normalized": 0.6764045993819441,
        "20_best_standard": 0.6538811703643466
    }
}