{
    "end_logits_accuracy": [
        0.292935848236084,
        0.5405055284500122,
        0.7297472357749939
    ],
    "end_logits_loss": [
        2.9722580909729004,
        1.6155089139938354,
        0.8825652003288269
    ],
    "loss": [
        5.788364887237549,
        3.0285918712615967,
        1.5203381776809692
    ],
    "start_logits_accuracy": [
        0.2961762845516205,
        0.5722618103027344,
        0.8010369539260864
    ],
    "start_logits_loss": [
        2.816110610961914,
        1.4130815267562866,
        0.6377729773521423
    ],
    "val_end_logits_accuracy": [
        0.4061538577079773,
        0.4123076796531677,
        0.42461538314819336
    ],
    "val_end_logits_loss": [
        2.24410080909729,
        2.5744564533233643,
        2.720385789871216
    ],
    "val_loss": [
        4.4157562255859375,
        4.875210762023926,
        5.432053565979004
    ],
    "val_start_logits_accuracy": [
        0.38461539149284363,
        0.4000000059604645,
        0.4338461458683014
    ],
    "val_start_logits_loss": [
        2.171656608581543,
        2.3007545471191406,
        2.711667776107788
    ]
}