{
    "end_logits_accuracy": [
        0.21062864363193512,
        0.3998703956604004,
        0.5100453495979309,
        0.5664290189743042
    ],
    "end_logits_loss": [
        3.6574151515960693,
        2.2333524227142334,
        1.7356483936309814,
        1.4884039163589478
    ],
    "loss": [
        7.252076625823975,
        4.337605953216553,
        3.3596959114074707,
        2.8376400470733643
    ],
    "start_logits_accuracy": [
        0.19183409214019775,
        0.4296824336051941,
        0.5333765149116516,
        0.5871678590774536
    ],
    "start_logits_loss": [
        3.594663619995117,
        2.1042518615722656,
        1.624046802520752,
        1.3492379188537598
    ],
    "val_end_logits_accuracy": [
        0.33230769634246826,
        0.38769230246543884,
        0.4000000059604645,
        0.4092307686805725
    ],
    "val_end_logits_loss": [
        2.7070634365081787,
        2.427854061126709,
        2.4084835052490234,
        2.3894011974334717
    ],
    "val_loss": [
        5.214297771453857,
        4.829291820526123,
        4.798558235168457,
        4.823092460632324
    ],
    "val_start_logits_accuracy": [
        0.32923075556755066,
        0.3661538362503052,
        0.38769230246543884,
        0.372307687997818
    ],
    "val_start_logits_loss": [
        2.5072336196899414,
        2.401437759399414,
        2.3900742530822754,
        2.433692216873169
    ]
}