{
    "accuracy": {
        "end_accuracy": 0.04139715394566624,
        "full_accuracy": 0.023932729624838292,
        "start_accuracy": 0.04740343744224727
    },
    "exact_match": {
        "01_best_normalized": 0.01750236518448439,
        "01_best_standard": 0.014096499526963104,
        "02_best_normalized": 0.09356669820245979,
        "02_best_standard": 0.07729422894985809,
        "03_best_normalized": 0.11154210028382214,
        "03_best_standard": 0.09148533585619678,
        "05_best_normalized": 0.12166508987701041,
        "05_best_standard": 0.09933774834437085,
        "10_best_normalized": 0.12327341532639546,
        "10_best_standard": 0.10075685903500473,
        "20_best_normalized": 0.12327341532639546,
        "20_best_standard": 0.1011352885525071
    },
    "f1": {
        "01_best_normalized": 0.031923834164527674,
        "01_best_standard": 0.030299056563851273,
        "02_best_normalized": 0.1822559401139254,
        "02_best_standard": 0.1718175854525879,
        "03_best_normalized": 0.22930838164080852,
        "03_best_standard": 0.21576554284036104,
        "05_best_normalized": 0.2529684382913227,
        "05_best_standard": 0.23801157702632883,
        "10_best_normalized": 0.25606393919877546,
        "10_best_standard": 0.24109651158193682,
        "20_best_normalized": 0.25592058951188446,
        "20_best_standard": 0.2412231641474409
    },
    "metric_stats": {
        "count_of_bad_no_answer_predictions": 8291,
        "count_of_bad_predictions": 10558,
        "count_of_good_no_answer_predictions": 112,
        "count_of_good_predictions": 264,
        "count_of_no_answer_predictions": 8403,
        "count_of_start_after_end_predictions": 537,
        "total_predictions": 10822
    },
    "precision": {
        "01_best_normalized": 0.028926141853159223,
        "01_best_standard": 0.02736977698864151,
        "02_best_normalized": 0.16242851480558784,
        "02_best_standard": 0.15306909847325575,
        "03_best_normalized": 0.20302365804733774,
        "03_best_standard": 0.1908579213737024,
        "05_best_normalized": 0.22383308879827105,
        "05_best_standard": 0.21049483943317407,
        "10_best_normalized": 0.22671379251303522,
        "10_best_standard": 0.2132681986133796,
        "20_best_normalized": 0.22666809780126718,
        "20_best_standard": 0.21347585860695387
    },
    "recall": {
        "01_best_normalized": 0.047973838244552994,
        "01_best_standard": 0.04578016542817239,
        "02_best_normalized": 0.2842420241282026,
        "02_best_standard": 0.26965393606511745,
        "03_best_normalized": 0.3682934103776863,
        "03_best_standard": 0.34807629577068866,
        "05_best_normalized": 0.4094458923742862,
        "05_best_standard": 0.3871500388098987,
        "10_best_normalized": 0.41380382587171016,
        "10_best_standard": 0.3914506220752078,
        "20_best_normalized": 0.41348463859415013,
        "20_best_standard": 0.39125656431965533
    }
}