{
    "evaluation": {
        "accuracy": {
            "end_accuracy": 0.8466352170982959,
            "full_accuracy": 0.7444883026860498,
            "start_accuracy": 0.8250697987869452
        },
        "exact_match": {
            "01_best_normalized": 0.7618732261116367,
            "01_best_standard": 0.7333964049195837,
            "02_best_normalized": 0.774550614947966,
            "02_best_standard": 0.7453169347209082,
            "03_best_normalized": 0.7750236518448439,
            "03_best_standard": 0.7456953642384105,
            "05_best_normalized": 0.7752128666035951,
            "05_best_standard": 0.7458845789971618,
            "10_best_normalized": 0.7753074739829706,
            "10_best_standard": 0.7458845789971618,
            "20_best_normalized": 0.7753074739829706,
            "20_best_standard": 0.7458845789971618
        },
        "f1": {
            "01_best_normalized": 0.835953323565434,
            "01_best_standard": 0.8275320671748843,
            "02_best_normalized": 0.8534818201337606,
            "02_best_standard": 0.8447415776201592,
            "03_best_normalized": 0.8541018504523448,
            "03_best_standard": 0.845287269196213,
            "05_best_normalized": 0.8543204862902476,
            "05_best_standard": 0.8454734021545052,
            "10_best_normalized": 0.8543914418247793,
            "10_best_standard": 0.8455364737407556,
            "20_best_normalized": 0.8543914418247793,
            "20_best_standard": 0.8455364737407556
        },
        "precision": {
            "01_best_normalized": 0.8411293005119894,
            "01_best_standard": 0.83476904435614,
            "02_best_normalized": 0.8592971851068273,
            "02_best_standard": 0.8527577856807116,
            "03_best_normalized": 0.8597833048186875,
            "03_best_standard": 0.8531754492606087,
            "05_best_normalized": 0.8601101895888825,
            "05_best_standard": 0.8534613704258681,
            "10_best_normalized": 0.8601732611751329,
            "10_best_standard": 0.8535134044845247,
            "20_best_normalized": 0.8601732611751329,
            "20_best_standard": 0.8535134044845247
        },
        "recall": {
            "01_best_normalized": 0.8636820774608214,
            "01_best_standard": 0.855350564444556,
            "02_best_normalized": 0.8830410028807165,
            "02_best_standard": 0.8740968789909987,
            "03_best_normalized": 0.8838803593546624,
            "03_best_standard": 0.8748458540777221,
            "05_best_normalized": 0.8840156231732141,
            "05_best_standard": 0.8749651644950457,
            "10_best_normalized": 0.8840913090767145,
            "10_best_standard": 0.8750408503985463,
            "20_best_normalized": 0.8840913090767145,
            "20_best_standard": 0.8750408503985463
        }
    },
    "medical_evaluation": {
        "accuracy": {
            "end_accuracy": 0.3464052287581699,
            "full_accuracy": 0.2016088486676722,
            "start_accuracy": 0.4122674710910005
        },
        "exact_match": {
            "01_best_normalized": 0.25755324418028724,
            "01_best_standard": 0.2144626052501238,
            "02_best_normalized": 0.266468548786528,
            "02_best_standard": 0.2218920257553244,
            "03_best_normalized": 0.2669638434868747,
            "03_best_standard": 0.2223873204556711,
            "05_best_normalized": 0.2674591381872214,
            "05_best_standard": 0.2223873204556711,
            "10_best_normalized": 0.2674591381872214,
            "10_best_standard": 0.2223873204556711,
            "20_best_normalized": 0.2674591381872214,
            "20_best_standard": 0.2223873204556711
        },
        "f1": {
            "01_best_normalized": 0.5182837747674175,
            "01_best_standard": 0.4972341603285668,
            "02_best_normalized": 0.5495195976079974,
            "02_best_standard": 0.5276298947272412,
            "03_best_normalized": 0.5523046376669003,
            "03_best_standard": 0.5300814609882353,
            "05_best_normalized": 0.5524856161108658,
            "05_best_standard": 0.5304276488884617,
            "10_best_normalized": 0.5524474811756813,
            "10_best_standard": 0.5303443866777631,
            "20_best_normalized": 0.5524474811756813,
            "20_best_standard": 0.5303443866777631
        },
        "precision": {
            "01_best_normalized": 0.6900595575282991,
            "01_best_standard": 0.659950007455582,
            "02_best_normalized": 0.7418569900718014,
            "02_best_standard": 0.7089431655080536,
            "03_best_normalized": 0.7466242702848468,
            "03_best_standard": 0.712904824582446,
            "05_best_normalized": 0.7468803869599827,
            "05_best_standard": 0.7134679151158186,
            "10_best_normalized": 0.7467152887265338,
            "10_best_standard": 0.7132327752075733,
            "20_best_normalized": 0.7467152887265338,
            "20_best_standard": 0.7132327752075733
        },
        "recall": {
            "01_best_normalized": 0.4912512017210298,
            "01_best_standard": 0.4705701229098741,
            "02_best_normalized": 0.5188159350124187,
            "02_best_standard": 0.4975726700994018,
            "03_best_normalized": 0.5213458926569419,
            "03_best_standard": 0.4997834606681359,
            "05_best_normalized": 0.5215034688122194,
            "05_best_standard": 0.5000828563976996,
            "10_best_normalized": 0.5214869589888745,
            "10_best_standard": 0.5000345349635194,
            "20_best_normalized": 0.5214869589888745,
            "20_best_standard": 0.5000345349635194
        }
    },
    "training": {
        "attempted_epochs": 1,
        "best_epoch": 1,
        "gpu": "NVIDIA GeForce RTX 3070 Ti",
        "history": {
            "end_logits_accuracy": [
                0.6722739934921265
            ],
            "end_logits_loss": [
                1.1595067977905273
            ],
            "loss": [
                2.4259049892425537
            ],
            "start_logits_accuracy": [
                0.636356770992279
            ],
            "start_logits_loss": [
                1.2663992643356323
            ],
            "val_end_logits_accuracy": [
                0.7420254945755005
            ],
            "val_end_logits_loss": [
                0.8959413170814514
            ],
            "val_loss": [
                1.9235029220581055
            ],
            "val_start_logits_accuracy": [
                0.6834130883216858
            ],
            "val_start_logits_loss": [
                1.0275644063949585
            ]
        },
        "training_time": 3102.3321602
    }
}