{
    "accuracy": {
        "end_accuracy": 0.8466352170982959,
        "full_accuracy": 0.7444883026860498,
        "start_accuracy": 0.8250697987869452
    },
    "exact_match": {
        "01_best_normalized": 0.7618732261116367,
        "01_best_standard": 0.7333964049195837,
        "02_best_normalized": 0.774550614947966,
        "02_best_standard": 0.7453169347209082,
        "03_best_normalized": 0.7750236518448439,
        "03_best_standard": 0.7456953642384105,
        "05_best_normalized": 0.7752128666035951,
        "05_best_standard": 0.7458845789971618,
        "10_best_normalized": 0.7753074739829706,
        "10_best_standard": 0.7458845789971618,
        "20_best_normalized": 0.7753074739829706,
        "20_best_standard": 0.7458845789971618
    },
    "f1": {
        "01_best_normalized": 0.835953323565434,
        "01_best_standard": 0.8275320671748843,
        "02_best_normalized": 0.8534818201337606,
        "02_best_standard": 0.8447415776201592,
        "03_best_normalized": 0.8541018504523448,
        "03_best_standard": 0.845287269196213,
        "05_best_normalized": 0.8543204862902476,
        "05_best_standard": 0.8454734021545052,
        "10_best_normalized": 0.8543914418247793,
        "10_best_standard": 0.8455364737407556,
        "20_best_normalized": 0.8543914418247793,
        "20_best_standard": 0.8455364737407556
    },
    "precision": {
        "01_best_normalized": 0.8411293005119894,
        "01_best_standard": 0.83476904435614,
        "02_best_normalized": 0.8592971851068273,
        "02_best_standard": 0.8527577856807116,
        "03_best_normalized": 0.8597833048186875,
        "03_best_standard": 0.8531754492606087,
        "05_best_normalized": 0.8601101895888825,
        "05_best_standard": 0.8534613704258681,
        "10_best_normalized": 0.8601732611751329,
        "10_best_standard": 0.8535134044845247,
        "20_best_normalized": 0.8601732611751329,
        "20_best_standard": 0.8535134044845247
    },
    "recall": {
        "01_best_normalized": 0.8636820774608214,
        "01_best_standard": 0.855350564444556,
        "02_best_normalized": 0.8830410028807165,
        "02_best_standard": 0.8740968789909987,
        "03_best_normalized": 0.8838803593546624,
        "03_best_standard": 0.8748458540777221,
        "05_best_normalized": 0.8840156231732141,
        "05_best_standard": 0.8749651644950457,
        "10_best_normalized": 0.8840913090767145,
        "10_best_standard": 0.8750408503985463,
        "20_best_normalized": 0.8840913090767145,
        "20_best_standard": 0.8750408503985463
    }
}