{
    "accuracy": {
        "end_accuracy": 0.8398960238759988,
        "full_accuracy": 0.7378453836526427,
        "start_accuracy": 0.8236256859535959
    },
    "exact_match": {
        "01_best_normalized": 0.7605487228003784,
        "01_best_standard": 0.7266792809839168,
        "02_best_normalized": 0.7717123935666982,
        "02_best_standard": 0.7367076631977294,
        "03_best_normalized": 0.771996215704825,
        "03_best_standard": 0.7369914853358562,
        "05_best_normalized": 0.7721854304635761,
        "05_best_standard": 0.7371807000946073,
        "10_best_normalized": 0.7721854304635761,
        "10_best_standard": 0.7371807000946073,
        "20_best_normalized": 0.7721854304635761,
        "20_best_standard": 0.7371807000946073
    },
    "f1": {
        "01_best_normalized": 0.8390383092841068,
        "01_best_standard": 0.8291759019589506,
        "02_best_normalized": 0.8539547260771063,
        "02_best_standard": 0.8436205852947847,
        "03_best_normalized": 0.8540791767159331,
        "03_best_standard": 0.8437313629299098,
        "05_best_normalized": 0.8542400092608716,
        "05_best_standard": 0.8438890418955358,
        "10_best_normalized": 0.8542400092608716,
        "10_best_standard": 0.8438890418955358,
        "20_best_normalized": 0.8542400092608716,
        "20_best_standard": 0.8438890418955358
    },
    "precision": {
        "01_best_normalized": 0.8465251793715998,
        "01_best_standard": 0.8386708189372025,
        "02_best_normalized": 0.8618100449580262,
        "02_best_standard": 0.8535210505672354,
        "03_best_normalized": 0.8620122119175252,
        "03_best_standard": 0.8537075008246412,
        "05_best_normalized": 0.8621659489090105,
        "05_best_standard": 0.8538546678592254,
        "10_best_normalized": 0.8621659489090105,
        "10_best_standard": 0.8538546678592254,
        "20_best_normalized": 0.8621659489090105,
        "20_best_standard": 0.8538546678592254
    },
    "recall": {
        "01_best_normalized": 0.864396678679661,
        "01_best_standard": 0.8557442279408934,
        "02_best_normalized": 0.880683504869097,
        "02_best_standard": 0.8716297447543276,
        "03_best_normalized": 0.8807005492144291,
        "03_best_standard": 0.8716304614768987,
        "05_best_normalized": 0.8808627332933585,
        "05_best_standard": 0.8717881404425246,
        "10_best_normalized": 0.8808627332933585,
        "10_best_standard": 0.8717881404425246,
        "20_best_normalized": 0.8808627332933585,
        "20_best_standard": 0.8717881404425246
    }
}