{
    "end_logits_accuracy": [
        0.6722739934921265
    ],
    "end_logits_loss": [
        1.1595067977905273
    ],
    "loss": [
        2.4259049892425537
    ],
    "start_logits_accuracy": [
        0.636356770992279
    ],
    "start_logits_loss": [
        1.2663992643356323
    ],
    "val_end_logits_accuracy": [
        0.7420254945755005
    ],
    "val_end_logits_loss": [
        0.8959413170814514
    ],
    "val_loss": [
        1.9235029220581055
    ],
    "val_start_logits_accuracy": [
        0.6834130883216858
    ],
    "val_start_logits_loss": [
        1.0275644063949585
    ]
}