{
    "accuracy": {
        "end_accuracy": 0.19708396178984414,
        "full_accuracy": 0.10155857214680744,
        "start_accuracy": 0.25439919557566615
    },
    "exact_match": {
        "01_best_normalized": 0.12233779098563645,
        "01_best_standard": 0.10698365527488855,
        "02_best_normalized": 0.1406636948984646,
        "02_best_standard": 0.12184249628528974,
        "03_best_normalized": 0.1436354631005448,
        "03_best_standard": 0.12382367508667658,
        "05_best_normalized": 0.14462605250123825,
        "05_best_standard": 0.1253095591877167,
        "10_best_normalized": 0.14462605250123825,
        "10_best_standard": 0.1253095591877167,
        "20_best_normalized": 0.14462605250123825,
        "20_best_standard": 0.1253095591877167
    },
    "f1": {
        "01_best_normalized": 0.2764969012639005,
        "01_best_standard": 0.2597451203933829,
        "02_best_normalized": 0.33793860452812813,
        "02_best_standard": 0.31671827045901485,
        "03_best_normalized": 0.34359298857082676,
        "03_best_standard": 0.3223941491929147,
        "05_best_normalized": 0.34604337031543414,
        "05_best_standard": 0.32505952277315786,
        "10_best_normalized": 0.3457309022684625,
        "10_best_standard": 0.3246154863348896,
        "20_best_normalized": 0.34568373134461994,
        "20_best_standard": 0.32457241723051167
    },
    "precision": {
        "01_best_normalized": 0.42165300928965177,
        "01_best_standard": 0.39021570438485864,
        "02_best_normalized": 0.5358396883114808,
        "02_best_standard": 0.4957996723359163,
        "03_best_normalized": 0.547632953011765,
        "03_best_standard": 0.5067391835862901,
        "05_best_normalized": 0.5512522630946709,
        "05_best_standard": 0.5104983681032755,
        "10_best_normalized": 0.5517728811330804,
        "10_best_standard": 0.509454899024888,
        "20_best_normalized": 0.5516077828996316,
        "20_best_standard": 0.5092898007914393
    },
    "recall": {
        "01_best_normalized": 0.25976679848115986,
        "01_best_standard": 0.24445446669189075,
        "02_best_normalized": 0.31467828754779914,
        "02_best_standard": 0.2953256882423942,
        "03_best_normalized": 0.3196714001575119,
        "03_best_standard": 0.3004463783639079,
        "05_best_normalized": 0.32163101023814694,
        "05_best_standard": 0.30261140424046645,
        "10_best_normalized": 0.32128856546252693,
        "10_best_standard": 0.30220111563490626,
        "20_best_normalized": 0.32126104909028547,
        "20_best_standard": 0.302176350899889
    }
}