{
    "accuracy": {
        "end_accuracy": 0.3464052287581699,
        "full_accuracy": 0.2016088486676722,
        "start_accuracy": 0.4122674710910005
    },
    "exact_match": {
        "01_best_normalized": 0.25755324418028724,
        "01_best_standard": 0.2144626052501238,
        "02_best_normalized": 0.266468548786528,
        "02_best_standard": 0.2218920257553244,
        "03_best_normalized": 0.2669638434868747,
        "03_best_standard": 0.2223873204556711,
        "05_best_normalized": 0.2674591381872214,
        "05_best_standard": 0.2223873204556711,
        "10_best_normalized": 0.2674591381872214,
        "10_best_standard": 0.2223873204556711,
        "20_best_normalized": 0.2674591381872214,
        "20_best_standard": 0.2223873204556711
    },
    "f1": {
        "01_best_normalized": 0.5182837747674175,
        "01_best_standard": 0.4972341603285668,
        "02_best_normalized": 0.5495195976079974,
        "02_best_standard": 0.5276298947272412,
        "03_best_normalized": 0.5523046376669003,
        "03_best_standard": 0.5300814609882353,
        "05_best_normalized": 0.5524856161108658,
        "05_best_standard": 0.5304276488884617,
        "10_best_normalized": 0.5524474811756813,
        "10_best_standard": 0.5303443866777631,
        "20_best_normalized": 0.5524474811756813,
        "20_best_standard": 0.5303443866777631
    },
    "precision": {
        "01_best_normalized": 0.6900595575282991,
        "01_best_standard": 0.659950007455582,
        "02_best_normalized": 0.7418569900718014,
        "02_best_standard": 0.7089431655080536,
        "03_best_normalized": 0.7466242702848468,
        "03_best_standard": 0.712904824582446,
        "05_best_normalized": 0.7468803869599827,
        "05_best_standard": 0.7134679151158186,
        "10_best_normalized": 0.7467152887265338,
        "10_best_standard": 0.7132327752075733,
        "20_best_normalized": 0.7467152887265338,
        "20_best_standard": 0.7132327752075733
    },
    "recall": {
        "01_best_normalized": 0.4912512017210298,
        "01_best_standard": 0.4705701229098741,
        "02_best_normalized": 0.5188159350124187,
        "02_best_standard": 0.4975726700994018,
        "03_best_normalized": 0.5213458926569419,
        "03_best_standard": 0.4997834606681359,
        "05_best_normalized": 0.5215034688122194,
        "05_best_standard": 0.5000828563976996,
        "10_best_normalized": 0.5214869589888745,
        "10_best_standard": 0.5000345349635194,
        "20_best_normalized": 0.5214869589888745,
        "20_best_standard": 0.5000345349635194
    }
}