{
    "accuracy": {
        "end_accuracy": 0.8415326850871282,
        "full_accuracy": 0.7374602868970829,
        "start_accuracy": 0.8194858958313276
    },
    "exact_match": {
        "01_best_normalized": 0.756953642384106,
        "01_best_standard": 0.7260170293282876,
        "02_best_normalized": 0.7707663197729423,
        "02_best_standard": 0.738883632923368,
        "03_best_normalized": 0.7705771050141911,
        "03_best_standard": 0.738883632923368,
        "05_best_normalized": 0.7708609271523179,
        "05_best_standard": 0.7391674550614948,
        "10_best_normalized": 0.7708609271523179,
        "10_best_standard": 0.7391674550614948,
        "20_best_normalized": 0.7708609271523179,
        "20_best_standard": 0.7391674550614948
    },
    "f1": {
        "01_best_normalized": 0.834259126033392,
        "01_best_standard": 0.824911476981585,
        "02_best_normalized": 0.8517256822560006,
        "02_best_standard": 0.8419450848174933,
        "03_best_normalized": 0.8517923167402625,
        "03_best_standard": 0.8421100015840766,
        "05_best_normalized": 0.8521006641991484,
        "05_best_standard": 0.842431618972754,
        "10_best_normalized": 0.8521006641991484,
        "10_best_standard": 0.842431618972754,
        "20_best_normalized": 0.8521006641991484,
        "20_best_standard": 0.842431618972754
    },
    "precision": {
        "01_best_normalized": 0.8409238229792616,
        "01_best_standard": 0.8334791063636479,
        "02_best_normalized": 0.8588138970976169,
        "02_best_standard": 0.8509529855469727,
        "03_best_normalized": 0.8590022859189291,
        "03_best_standard": 0.8512578715811797,
        "05_best_normalized": 0.8592672674421887,
        "05_best_standard": 0.8515308014223392,
        "10_best_normalized": 0.8592672674421887,
        "10_best_standard": 0.8515308014223392,
        "20_best_normalized": 0.8592672674421887,
        "20_best_standard": 0.8515308014223392
    },
    "recall": {
        "01_best_normalized": 0.8595444461838774,
        "01_best_standard": 0.8510581828328057,
        "02_best_normalized": 0.8785338211833253,
        "02_best_standard": 0.869722229025234,
        "03_best_normalized": 0.8786789677428523,
        "03_best_standard": 0.8699740682718697,
        "05_best_normalized": 0.8788310153168486,
        "05_best_standard": 0.8701503820243424,
        "10_best_normalized": 0.8788310153168486,
        "10_best_standard": 0.8701503820243424,
        "20_best_normalized": 0.8788310153168486,
        "20_best_standard": 0.8701503820243424
    }
}