{
    "end_logits_accuracy": [
        0.6724886894226074,
        0.7950923442840576,
        0.8604986071586609
    ],
    "end_logits_loss": [
        1.1586072444915771,
        0.6686115264892578,
        0.43012720346450806
    ],
    "loss": [
        2.4205338954925537,
        1.4202580451965332,
        0.9232333302497864
    ],
    "start_logits_accuracy": [
        0.6356874108314514,
        0.7592129707336426,
        0.8316662907600403
    ],
    "start_logits_loss": [
        1.2619315385818481,
        0.7516408562660217,
        0.4931059181690216
    ],
    "val_end_logits_accuracy": [
        0.7278043627738953,
        0.737506628036499,
        0.7391015291213989
    ],
    "val_end_logits_loss": [
        0.9305698275566101,
        0.9815570116043091,
        1.0916779041290283
    ],
    "val_loss": [
        1.996294617652893,
        2.1258699893951416,
        2.3563191890716553
    ],
    "val_start_logits_accuracy": [
        0.677698016166687,
        0.6846092343330383,
        0.6858054399490356
    ],
    "val_start_logits_loss": [
        1.0657261610031128,
        1.1443133354187012,
        1.2646422386169434
    ]
}