{
    "evaluation": {
        "accuracy": {
            "end_accuracy": 0.4267515923566879,
            "full_accuracy": 0.2229299363057325,
            "start_accuracy": 0.445859872611465
        },
        "exact_match": {
            "01_best_normalized": 0.28213166144200624,
            "01_best_standard": 0.22884012539184953,
            "02_best_normalized": 0.30094043887147337,
            "02_best_standard": 0.2445141065830721,
            "03_best_normalized": 0.3103448275862069,
            "03_best_standard": 0.2445141065830721,
            "05_best_normalized": 0.3072100313479624,
            "05_best_standard": 0.2445141065830721,
            "10_best_normalized": 0.31347962382445144,
            "10_best_standard": 0.2507836990595611,
            "20_best_normalized": 0.31347962382445144,
            "20_best_standard": 0.2507836990595611
        },
        "f1": {
            "01_best_normalized": 0.5044651667948138,
            "01_best_standard": 0.48505239280713225,
            "02_best_normalized": 0.5665400710783673,
            "02_best_standard": 0.541861790032367,
            "03_best_normalized": 0.5991075992832068,
            "03_best_standard": 0.5717366883435,
            "05_best_normalized": 0.6092737656385161,
            "05_best_standard": 0.5816459924954893,
            "10_best_normalized": 0.6185057519856407,
            "10_best_standard": 0.5912591719764733,
            "20_best_normalized": 0.6228514884155745,
            "20_best_standard": 0.595837631975666
        },
        "metric_stats": {
            "count_of_bad_no_answer_predictions": 0,
            "count_of_bad_predictions": 244,
            "count_of_good_no_answer_predictions": 0,
            "count_of_good_predictions": 70,
            "count_of_no_answer_actuals": 0,
            "count_of_no_answer_predictions": 0,
            "count_of_normal_actuals": 314,
            "count_of_start_after_end_predictions": 12,
            "total_predictions": 314
        },
        "precision": {
            "01_best_normalized": 0.558210118847006,
            "01_best_standard": 0.5349289207743707,
            "02_best_normalized": 0.634866578269365,
            "02_best_standard": 0.6029749974157821,
            "03_best_normalized": 0.6811349719630767,
            "03_best_standard": 0.6448447413013563,
            "05_best_normalized": 0.6991146927043054,
            "05_best_standard": 0.6619086126119059,
            "10_best_normalized": 0.7137511451810484,
            "10_best_standard": 0.6767301492120269,
            "20_best_normalized": 0.7205632985449258,
            "20_best_standard": 0.684081992770767
        },
        "recall": {
            "01_best_normalized": 0.5482662011150525,
            "01_best_standard": 0.5272525029882014,
            "02_best_normalized": 0.6156447831483093,
            "02_best_standard": 0.5902145689692125,
            "03_best_normalized": 0.6478636793271353,
            "03_best_standard": 0.6188440960500223,
            "05_best_normalized": 0.657686862831077,
            "05_best_standard": 0.6283236579437597,
            "10_best_normalized": 0.6647316281356179,
            "10_best_standard": 0.6359833669886679,
            "20_best_normalized": 0.6678784140234612,
            "20_best_standard": 0.6392886308050564
        }
    },
    "squad_evaluation": {
        "accuracy": {
            "end_accuracy": 0.2382560046300762,
            "full_accuracy": 0.16591106395292757,
            "start_accuracy": 0.334040706086621
        },
        "exact_match": {
            "01_best_normalized": 0.1845789971617786,
            "01_best_standard": 0.16471144749290445,
            "02_best_normalized": 0.210879848628193,
            "02_best_standard": 0.18770104068117313,
            "03_best_normalized": 0.221759697256386,
            "03_best_standard": 0.19706717123935666,
            "05_best_normalized": 0.22781456953642384,
            "05_best_standard": 0.202081362346263,
            "10_best_normalized": 0.23131504257332072,
            "10_best_standard": 0.20510879848628194,
            "20_best_normalized": 0.23197729422894986,
            "20_best_standard": 0.20577105014191108
        },
        "f1": {
            "01_best_normalized": 0.26656124182737445,
            "01_best_standard": 0.2563491565407534,
            "02_best_normalized": 0.3089219498489483,
            "02_best_standard": 0.29708293802000896,
            "03_best_normalized": 0.3254787214616154,
            "03_best_standard": 0.3132391865888642,
            "05_best_normalized": 0.3339564355368392,
            "05_best_standard": 0.3213318041820314,
            "10_best_normalized": 0.33828099450010835,
            "10_best_standard": 0.3254501169942369,
            "20_best_normalized": 0.3389263067916946,
            "20_best_standard": 0.32608769092993883
        },
        "metric_stats": {
            "count_of_bad_no_answer_predictions": 0,
            "count_of_bad_predictions": 8571,
            "count_of_good_no_answer_predictions": 0,
            "count_of_good_predictions": 1796,
            "count_of_no_answer_predictions": 0,
            "count_of_start_after_end_predictions": 940,
            "total_predictions": 10367
        },
        "precision": {
            "01_best_normalized": 0.25409625244732575,
            "01_best_standard": 0.24509838813700408,
            "02_best_normalized": 0.2936567181072033,
            "02_best_standard": 0.28312853260465654,
            "03_best_normalized": 0.30928901082547616,
            "03_best_standard": 0.2983577193026234,
            "05_best_normalized": 0.31735123230830214,
            "05_best_standard": 0.3061657878354486,
            "10_best_normalized": 0.3216069098026106,
            "10_best_standard": 0.31018077493603124,
            "20_best_normalized": 0.3223240132743888,
            "20_best_standard": 0.31091106309777294
        },
        "recall": {
            "01_best_normalized": 0.34131467548455036,
            "01_best_standard": 0.32807458710990356,
            "02_best_normalized": 0.4020452986184877,
            "02_best_standard": 0.3868312811643817,
            "03_best_normalized": 0.4247802113301868,
            "03_best_standard": 0.40914916646886657,
            "05_best_normalized": 0.435517642801654,
            "05_best_standard": 0.419378854653514,
            "10_best_normalized": 0.4404152350916304,
            "10_best_standard": 0.42414504504884337,
            "20_best_normalized": 0.4409419579220428,
            "20_best_standard": 0.42452538923949973
        }
    },
    "training": {
        "attempted_epochs": 4,
        "best_epoch": 2,
        "gpu": "NVIDIA GeForce RTX 3070 Ti",
        "history": {
            "end_logits_accuracy": [
                0.32827669382095337,
                0.5242718458175659,
                0.6668689250946045,
                0.7985436916351318
            ],
            "end_logits_loss": [
                2.5769593715667725,
                1.5514588356018066,
                1.0376228094100952,
                0.6345543265342712
            ],
            "loss": [
                4.9957804679870605,
                2.998488426208496,
                1.967180609703064,
                1.1819432973861694
            ],
            "start_logits_accuracy": [
                0.35679611563682556,
                0.5643203854560852,
                0.7154126167297363,
                0.8355582356452942
            ],
            "start_logits_loss": [
                2.418820858001709,
                1.4470306634902954,
                0.9295569658279419,
                0.5473886728286743
            ]
        },
        "training_time": 231.45776149999998
    }
}