{
    "accuracy": {
        "end_accuracy": 0.4267515923566879,
        "full_accuracy": 0.2229299363057325,
        "start_accuracy": 0.445859872611465
    },
    "exact_match": {
        "01_best_normalized": 0.28213166144200624,
        "01_best_standard": 0.22884012539184953,
        "02_best_normalized": 0.30094043887147337,
        "02_best_standard": 0.2445141065830721,
        "03_best_normalized": 0.3103448275862069,
        "03_best_standard": 0.2445141065830721,
        "05_best_normalized": 0.3072100313479624,
        "05_best_standard": 0.2445141065830721,
        "10_best_normalized": 0.31347962382445144,
        "10_best_standard": 0.2507836990595611,
        "20_best_normalized": 0.31347962382445144,
        "20_best_standard": 0.2507836990595611
    },
    "f1": {
        "01_best_normalized": 0.5044651667948138,
        "01_best_standard": 0.48505239280713225,
        "02_best_normalized": 0.5665400710783673,
        "02_best_standard": 0.541861790032367,
        "03_best_normalized": 0.5991075992832068,
        "03_best_standard": 0.5717366883435,
        "05_best_normalized": 0.6092737656385161,
        "05_best_standard": 0.5816459924954893,
        "10_best_normalized": 0.6185057519856407,
        "10_best_standard": 0.5912591719764733,
        "20_best_normalized": 0.6228514884155745,
        "20_best_standard": 0.595837631975666
    },
    "metric_stats": {
        "count_of_bad_no_answer_predictions": 0,
        "count_of_bad_predictions": 244,
        "count_of_good_no_answer_predictions": 0,
        "count_of_good_predictions": 70,
        "count_of_no_answer_actuals": 0,
        "count_of_no_answer_predictions": 0,
        "count_of_normal_actuals": 314,
        "count_of_start_after_end_predictions": 12,
        "total_predictions": 314
    },
    "precision": {
        "01_best_normalized": 0.558210118847006,
        "01_best_standard": 0.5349289207743707,
        "02_best_normalized": 0.634866578269365,
        "02_best_standard": 0.6029749974157821,
        "03_best_normalized": 0.6811349719630767,
        "03_best_standard": 0.6448447413013563,
        "05_best_normalized": 0.6991146927043054,
        "05_best_standard": 0.6619086126119059,
        "10_best_normalized": 0.7137511451810484,
        "10_best_standard": 0.6767301492120269,
        "20_best_normalized": 0.7205632985449258,
        "20_best_standard": 0.684081992770767
    },
    "recall": {
        "01_best_normalized": 0.5482662011150525,
        "01_best_standard": 0.5272525029882014,
        "02_best_normalized": 0.6156447831483093,
        "02_best_standard": 0.5902145689692125,
        "03_best_normalized": 0.6478636793271353,
        "03_best_standard": 0.6188440960500223,
        "05_best_normalized": 0.657686862831077,
        "05_best_standard": 0.6283236579437597,
        "10_best_normalized": 0.6647316281356179,
        "10_best_standard": 0.6359833669886679,
        "20_best_normalized": 0.6678784140234612,
        "20_best_standard": 0.6392886308050564
    }
}