{
    "accuracy": {
        "end_accuracy": 0.2382560046300762,
        "full_accuracy": 0.16591106395292757,
        "start_accuracy": 0.334040706086621
    },
    "exact_match": {
        "01_best_normalized": 0.1845789971617786,
        "01_best_standard": 0.16471144749290445,
        "02_best_normalized": 0.210879848628193,
        "02_best_standard": 0.18770104068117313,
        "03_best_normalized": 0.221759697256386,
        "03_best_standard": 0.19706717123935666,
        "05_best_normalized": 0.22781456953642384,
        "05_best_standard": 0.202081362346263,
        "10_best_normalized": 0.23131504257332072,
        "10_best_standard": 0.20510879848628194,
        "20_best_normalized": 0.23197729422894986,
        "20_best_standard": 0.20577105014191108
    },
    "f1": {
        "01_best_normalized": 0.26656124182737445,
        "01_best_standard": 0.2563491565407534,
        "02_best_normalized": 0.3089219498489483,
        "02_best_standard": 0.29708293802000896,
        "03_best_normalized": 0.3254787214616154,
        "03_best_standard": 0.3132391865888642,
        "05_best_normalized": 0.3339564355368392,
        "05_best_standard": 0.3213318041820314,
        "10_best_normalized": 0.33828099450010835,
        "10_best_standard": 0.3254501169942369,
        "20_best_normalized": 0.3389263067916946,
        "20_best_standard": 0.32608769092993883
    },
    "metric_stats": {
        "count_of_bad_no_answer_predictions": 0,
        "count_of_bad_predictions": 8571,
        "count_of_good_no_answer_predictions": 0,
        "count_of_good_predictions": 1796,
        "count_of_no_answer_predictions": 0,
        "count_of_start_after_end_predictions": 940,
        "total_predictions": 10367
    },
    "precision": {
        "01_best_normalized": 0.25409625244732575,
        "01_best_standard": 0.24509838813700408,
        "02_best_normalized": 0.2936567181072033,
        "02_best_standard": 0.28312853260465654,
        "03_best_normalized": 0.30928901082547616,
        "03_best_standard": 0.2983577193026234,
        "05_best_normalized": 0.31735123230830214,
        "05_best_standard": 0.3061657878354486,
        "10_best_normalized": 0.3216069098026106,
        "10_best_standard": 0.31018077493603124,
        "20_best_normalized": 0.3223240132743888,
        "20_best_standard": 0.31091106309777294
    },
    "recall": {
        "01_best_normalized": 0.34131467548455036,
        "01_best_standard": 0.32807458710990356,
        "02_best_normalized": 0.4020452986184877,
        "02_best_standard": 0.3868312811643817,
        "03_best_normalized": 0.4247802113301868,
        "03_best_standard": 0.40914916646886657,
        "05_best_normalized": 0.435517642801654,
        "05_best_standard": 0.419378854653514,
        "10_best_normalized": 0.4404152350916304,
        "10_best_standard": 0.42414504504884337,
        "20_best_normalized": 0.4409419579220428,
        "20_best_standard": 0.42452538923949973
    }
}