{
    "accuracy": {
        "end_accuracy": 0.22677727404263529,
        "full_accuracy": 0.14430404167068583,
        "start_accuracy": 0.30346291116041285
    },
    "exact_match": {
        "01_best_normalized": 0.16338694418164618,
        "01_best_standard": 0.14351939451277199,
        "02_best_normalized": 0.19262062440870387,
        "02_best_standard": 0.16963103122043519,
        "03_best_normalized": 0.20501419110690633,
        "03_best_standard": 0.18088930936613057,
        "05_best_normalized": 0.2120151371807001,
        "05_best_standard": 0.18760643330179755,
        "10_best_normalized": 0.21362346263008514,
        "10_best_standard": 0.18883632923368024,
        "20_best_normalized": 0.21400189214758752,
        "20_best_standard": 0.1890255439924314
    },
    "f1": {
        "01_best_normalized": 0.24780277696213315,
        "01_best_standard": 0.23641014289092332,
        "02_best_normalized": 0.2973561404453656,
        "02_best_standard": 0.28463858430167566,
        "03_best_normalized": 0.31847516363128403,
        "03_best_standard": 0.30511436027408123,
        "05_best_normalized": 0.33137669133339415,
        "05_best_standard": 0.31774315902561184,
        "10_best_normalized": 0.33543956007017384,
        "10_best_standard": 0.32150594581681646,
        "20_best_normalized": 0.3357345027431958,
        "20_best_standard": 0.32193866558155554
    },
    "metric_stats": {
        "count_of_bad_no_answer_predictions": 0,
        "count_of_bad_predictions": 8818,
        "count_of_good_no_answer_predictions": 0,
        "count_of_good_predictions": 1549,
        "count_of_no_answer_predictions": 0,
        "count_of_start_after_end_predictions": 1606,
        "total_predictions": 10367
    },
    "precision": {
        "01_best_normalized": 0.23156971911898397,
        "01_best_standard": 0.22093730491757757,
        "02_best_normalized": 0.27792360031092406,
        "02_best_standard": 0.2662253320909644,
        "03_best_normalized": 0.2973518967628154,
        "03_best_standard": 0.2850482314840725,
        "05_best_normalized": 0.309333427475665,
        "05_best_standard": 0.2967986074711925,
        "10_best_normalized": 0.3131942731608981,
        "10_best_standard": 0.30047734553000244,
        "20_best_normalized": 0.313658729979311,
        "20_best_standard": 0.3010159814272098
    },
    "recall": {
        "01_best_normalized": 0.33519545620958197,
        "01_best_standard": 0.31821246234593853,
        "02_best_normalized": 0.4047353421049785,
        "02_best_standard": 0.38582885416115903,
        "03_best_normalized": 0.43524491774147883,
        "03_best_standard": 0.4155196864475572,
        "05_best_normalized": 0.4549885518690514,
        "05_best_standard": 0.43452600805792074,
        "10_best_normalized": 0.4624117031577743,
        "10_best_standard": 0.4414273380569586,
        "20_best_normalized": 0.46213648115161055,
        "20_best_standard": 0.44136494934295495
    }
}