{
    "evaluation": {
        "accuracy": {
            "end_accuracy": 0.8408190862551917,
            "full_accuracy": 0.7432628223703275,
            "start_accuracy": 0.8186033033903216
        },
        "exact_match": {
            "01_best_normalized": 0.7602649006622516,
            "01_best_standard": 0.72961210974456,
            "02_best_normalized": 0.7704824976348155,
            "02_best_standard": 0.7392620624408703,
            "03_best_normalized": 0.77038789025544,
            "03_best_standard": 0.7391674550614948,
            "05_best_normalized": 0.7705771050141911,
            "05_best_standard": 0.739356669820246,
            "10_best_normalized": 0.7705771050141911,
            "10_best_standard": 0.739356669820246,
            "20_best_normalized": 0.7705771050141911,
            "20_best_standard": 0.739356669820246
        },
        "f1": {
            "01_best_normalized": 0.8331852844819388,
            "01_best_standard": 0.823610290683393,
            "02_best_normalized": 0.8474297824214898,
            "02_best_standard": 0.8375380000164733,
            "03_best_normalized": 0.8472968364743637,
            "03_best_standard": 0.8374156418217402,
            "05_best_normalized": 0.8475333549228027,
            "05_best_standard": 0.8376426995322418,
            "10_best_normalized": 0.8475333549228027,
            "10_best_standard": 0.8376426995322418,
            "20_best_normalized": 0.8475333549228027,
            "20_best_standard": 0.8376426995322418
        },
        "precision": {
            "01_best_normalized": 0.842224477820468,
            "01_best_standard": 0.8349581117138699,
            "02_best_normalized": 0.8572504244280384,
            "02_best_standard": 0.8495491004288618,
            "03_best_normalized": 0.8572028954826855,
            "03_best_standard": 0.8494946295134637,
            "05_best_normalized": 0.8574236460345618,
            "05_best_standard": 0.8497074961170588,
            "10_best_normalized": 0.8574236460345618,
            "10_best_standard": 0.8497074961170588,
            "20_best_normalized": 0.8574236460345618,
            "20_best_standard": 0.8497074961170588
        },
        "recall": {
            "01_best_normalized": 0.8533988233090088,
            "01_best_standard": 0.8447192648860855,
            "02_best_normalized": 0.8688312857295629,
            "02_best_standard": 0.859925101100362,
            "03_best_normalized": 0.8685660983782829,
            "03_best_standard": 0.8596835655939259,
            "05_best_normalized": 0.8688499205164096,
            "05_best_standard": 0.8599673877320527,
            "10_best_normalized": 0.8688499205164096,
            "10_best_standard": 0.8599673877320527,
            "20_best_normalized": 0.8688499205164096,
            "20_best_standard": 0.8599673877320527
        }
    },
    "medical_evaluation": {
        "accuracy": {
            "end_accuracy": 0.3233316088980859,
            "full_accuracy": 0.1991722710812209,
            "start_accuracy": 0.3988618727366787
        },
        "exact_match": {
            "01_best_normalized": 0.23972263496780585,
            "01_best_standard": 0.2050520059435364,
            "02_best_normalized": 0.24318969787023278,
            "02_best_standard": 0.20851906884596336,
            "03_best_normalized": 0.24318969787023278,
            "03_best_standard": 0.20851906884596336,
            "05_best_normalized": 0.24318969787023278,
            "05_best_standard": 0.20851906884596336,
            "10_best_normalized": 0.24318969787023278,
            "10_best_standard": 0.20851906884596336,
            "20_best_normalized": 0.24318969787023278,
            "20_best_standard": 0.20851906884596336
        },
        "f1": {
            "01_best_normalized": 0.4763105798029408,
            "01_best_standard": 0.45663170389613006,
            "02_best_normalized": 0.49311809199631346,
            "02_best_standard": 0.47287385280447036,
            "03_best_normalized": 0.49549274251013864,
            "03_best_standard": 0.4752212454747708,
            "05_best_normalized": 0.4957874386892655,
            "05_best_standard": 0.4754686197730101,
            "10_best_normalized": 0.4957507501929435,
            "10_best_standard": 0.47543560012632036,
            "20_best_normalized": 0.4957507501929435,
            "20_best_standard": 0.47543560012632036
        },
        "precision": {
            "01_best_normalized": 0.6598446136966998,
            "01_best_standard": 0.6288583745285022,
            "02_best_normalized": 0.6939922130309087,
            "02_best_standard": 0.661274131828908,
            "03_best_normalized": 0.6994580531178484,
            "03_best_standard": 0.6670039249844071,
            "05_best_normalized": 0.7000290178418592,
            "05_best_standard": 0.6673694996441869,
            "10_best_normalized": 0.6999051941667725,
            "10_best_standard": 0.6672456759691002,
            "20_best_normalized": 0.6999051941667725,
            "20_best_standard": 0.6672456759691002
        },
        "recall": {
            "01_best_normalized": 0.4437565020615891,
            "01_best_standard": 0.4258744343532577,
            "02_best_normalized": 0.45777056430848584,
            "02_best_standard": 0.43960287555424044,
            "03_best_normalized": 0.45975588298571607,
            "03_best_standard": 0.44157325046592527,
            "05_best_normalized": 0.45993366649810036,
            "05_best_standard": 0.4417598160506946,
            "10_best_normalized": 0.45991213194591135,
            "10_best_standard": 0.4417407662545274,
            "20_best_normalized": 0.45991213194591135,
            "20_best_standard": 0.4417407662545274
        }
    },
    "training": {
        "attempted_epochs": 4,
        "best_epoch": 1,
        "gpu": "NVIDIA GeForce RTX 3070 Ti",
        "history": {
            "end_logits_accuracy": [
                0.6654093265533447,
                0.7818762063980103,
                0.8552550077438354
            ],
            "end_logits_loss": [
                1.183026909828186,
                0.710976243019104,
                0.44984784722328186
            ],
            "loss": [
                2.469416618347168,
                1.5021365880966187,
                0.963344395160675
            ],
            "start_logits_accuracy": [
                0.6308274865150452,
                0.7506613731384277,
                0.8256098031997681
            ],
            "start_logits_loss": [
                1.286379337310791,
                0.7911560535430908,
                0.5134954452514648
            ],
            "val_end_logits_accuracy": [
                0.7177473306655884,
                0.7295966148376465,
                0.7343895435333252
            ],
            "val_end_logits_loss": [
                0.9608784914016724,
                1.045030951499939,
                1.102195382118225
            ],
            "val_loss": [
                2.0513014793395996,
                2.261009693145752,
                2.3521728515625
            ],
            "val_start_logits_accuracy": [
                0.6767407655715942,
                0.6791372895240784,
                0.6823325753211975
            ],
            "val_start_logits_loss": [
                1.0904234647750854,
                1.2159805297851562,
                1.2499780654907227
            ]
        },
        "training_time": 9125.00019250001
    }
}