{
    "evaluation": {
        "accuracy": {
            "end_accuracy": 0.46686746987951805,
            "full_accuracy": 0.2469879518072289,
            "start_accuracy": 0.4578313253012048
        },
        "exact_match": {
            "01_best_normalized": 0.2601880877742947,
            "01_best_standard": 0.20376175548589343,
            "02_best_normalized": 0.2946708463949843,
            "02_best_standard": 0.23510971786833856,
            "03_best_normalized": 0.2884012539184953,
            "03_best_standard": 0.23197492163009403,
            "05_best_normalized": 0.2884012539184953,
            "05_best_standard": 0.23197492163009403,
            "10_best_normalized": 0.2852664576802508,
            "10_best_standard": 0.22884012539184953,
            "20_best_normalized": 0.2852664576802508,
            "20_best_standard": 0.22884012539184953
        },
        "f1": {
            "01_best_normalized": 0.4827695867320015,
            "01_best_standard": 0.46816093844970175,
            "02_best_normalized": 0.5743154873781061,
            "02_best_standard": 0.557461250200793,
            "03_best_normalized": 0.5909994249931808,
            "03_best_standard": 0.5731128587642049,
            "05_best_normalized": 0.6060699960897415,
            "05_best_standard": 0.5879693057030385,
            "10_best_normalized": 0.6143970099277408,
            "10_best_standard": 0.5961163298198081,
            "20_best_normalized": 0.6143970099277408,
            "20_best_standard": 0.5961163298198081
        },
        "metric_stats": {
            "count_of_bad_no_answer_predictions": 1,
            "count_of_bad_predictions": 250,
            "count_of_good_no_answer_predictions": 13,
            "count_of_good_predictions": 82,
            "count_of_no_answer_predictions": 14,
            "count_of_start_after_end_predictions": 24,
            "total_predictions": 332
        },
        "precision": {
            "01_best_normalized": 0.5085534321725016,
            "01_best_standard": 0.49284221259312627,
            "02_best_normalized": 0.6303922631736967,
            "02_best_standard": 0.6108197947909646,
            "03_best_normalized": 0.6569043805723404,
            "03_best_standard": 0.6360977648181508,
            "05_best_normalized": 0.6845205551288372,
            "05_best_standard": 0.6625573796905447,
            "10_best_normalized": 0.6977935673830408,
            "10_best_standard": 0.675524947512922,
            "20_best_normalized": 0.6977935673830408,
            "20_best_standard": 0.675524947512922
        },
        "recall": {
            "01_best_normalized": 0.5567289460678495,
            "01_best_standard": 0.5411772780737399,
            "02_best_normalized": 0.649288404132864,
            "02_best_standard": 0.6314224739337179,
            "03_best_normalized": 0.663409938736602,
            "03_best_standard": 0.6447675487273159,
            "05_best_normalized": 0.6789174646766638,
            "05_best_standard": 0.6600022218774256,
            "10_best_normalized": 0.6850940214131861,
            "10_best_standard": 0.6660127274452974,
            "20_best_normalized": 0.6850940214131861,
            "20_best_standard": 0.6660127274452974
        }
    },
    "squad_evaluation": {
        "accuracy": {
            "end_accuracy": 0.02772626112759644,
            "full_accuracy": 0.014002225519287833,
            "start_accuracy": 0.031806379821958455
        },
        "exact_match": {
            "01_best_normalized": 0.007852412488174077,
            "01_best_standard": 0.007000946073793756,
            "02_best_normalized": 0.033396404919583726,
            "02_best_standard": 0.028287606433301797,
            "03_best_normalized": 0.039829706717123936,
            "03_best_standard": 0.032639545884579,
            "05_best_normalized": 0.04304635761589404,
            "05_best_standard": 0.035193945127719964,
            "10_best_normalized": 0.04285714285714286,
            "10_best_standard": 0.035193945127719964,
            "20_best_normalized": 0.04276253547776727,
            "20_best_standard": 0.035099337748344374
        },
        "f1": {
            "01_best_normalized": 0.02105325041786041,
            "01_best_standard": 0.020498282002629535,
            "02_best_normalized": 0.0950309426211693,
            "02_best_standard": 0.09117302596992216,
            "03_best_normalized": 0.11988292783085418,
            "03_best_standard": 0.11464341656410802,
            "05_best_normalized": 0.13331729687465424,
            "05_best_standard": 0.12717667056895665,
            "10_best_normalized": 0.13228756669298758,
            "10_best_standard": 0.1264622901757063,
            "20_best_normalized": 0.132108468748989,
            "20_best_standard": 0.12624992280645383
        },
        "metric_stats": {
            "count_of_bad_no_answer_predictions": 7510,
            "count_of_bad_predictions": 10629,
            "count_of_good_no_answer_predictions": 77,
            "count_of_good_predictions": 155,
            "count_of_no_answer_predictions": 7587,
            "count_of_start_after_end_predictions": 915,
            "total_predictions": 10784
        },
        "precision": {
            "01_best_normalized": 0.018296549633976124,
            "01_best_standard": 0.017788668547737297,
            "02_best_normalized": 0.07994314214487286,
            "02_best_standard": 0.07699919111252064,
            "03_best_normalized": 0.10020407243343493,
            "03_best_standard": 0.0960096265842763,
            "05_best_normalized": 0.11123254945078433,
            "05_best_standard": 0.10638080424223553,
            "10_best_normalized": 0.11050192424951824,
            "10_best_standard": 0.1058798102258499,
            "20_best_normalized": 0.11033625107060004,
            "20_best_standard": 0.10568462602209537
        },
        "recall": {
            "01_best_normalized": 0.03826228025905245,
            "01_best_standard": 0.03720425984167319,
            "02_best_normalized": 0.18086011605115523,
            "02_best_standard": 0.1725962211990316,
            "03_best_normalized": 0.23352706736933437,
            "03_best_standard": 0.2222874606672707,
            "05_best_normalized": 0.2615644862657023,
            "05_best_standard": 0.24768889497037683,
            "10_best_normalized": 0.2587579762156207,
            "10_best_standard": 0.2458525837978549,
            "20_best_normalized": 0.25848046123611895,
            "20_best_standard": 0.24550884365279027
        }
    },
    "training": {
        "attempted_epochs": 4,
        "best_epoch": 2,
        "gpu": "NVIDIA GeForce RTX 3070 Ti",
        "history": {
            "end_logits_accuracy": [
                0.22094593942165375,
                0.41351351141929626,
                0.5540540814399719,
                0.6331080794334412
            ],
            "end_logits_loss": [
                3.455005168914795,
                2.1882107257843018,
                1.5663946866989136,
                1.2186558246612549
            ],
            "loss": [
                6.686927318572998,
                4.033598899841309,
                2.8758044242858887,
                2.1510746479034424
            ],
            "start_logits_accuracy": [
                0.24594594538211823,
                0.4635135233402252,
                0.620945930480957,
                0.712837815284729
            ],
            "start_logits_loss": [
                3.2319207191467285,
                1.845389485359192,
                1.3094102144241333,
                0.93241947889328
            ],
            "val_end_logits_accuracy": [
                0.3343949019908905,
                0.36942675709724426,
                0.3821656107902527,
                0.35987260937690735
            ],