{
    "end_logits_accuracy": [
        0.20000000298023224,
        0.4243243336677551,
        0.5527027249336243,
        0.6432432532310486
    ],
    "end_logits_loss": [
        3.468271017074585,
        2.0758683681488037,
        1.5169984102249146,
        1.140533685684204
    ],
    "loss": [
        6.807653903961182,
        3.975285053253174,
        2.910663366317749,
        2.1461658477783203
    ],
    "start_logits_accuracy": [
        0.2060810774564743,
        0.44527027010917664,
        0.5756756663322449,
        0.6756756901741028
    ],
    "start_logits_loss": [
        3.3393805027008057,
        1.8994157314300537,
        1.3936645984649658,
        1.0056321620941162
    ],
    "val_end_logits_accuracy": [
        0.31847134232521057,
        0.36942675709724426,
        0.4012738764286041,
        0.3917197585105896
    ],
    "val_end_logits_loss": [
        2.681847333908081,
        2.6005501747131348,
        2.4181807041168213,
        2.4642927646636963
    ],
    "val_loss": [
        5.125807762145996,
        4.934711456298828,
        4.754560470581055,
        4.880326747894287
    ],
    "val_start_logits_accuracy": [
        0.3343949019908905,
        0.3949044644832611,
        0.404458612203598,
        0.41401273012161255
    ],
    "val_start_logits_loss": [
        2.443960666656494,
        2.3341619968414307,
        2.33638072013855,
        2.4160330295562744
    ]
}