{
    "end_logits_accuracy": [
        0.22094593942165375,
        0.41351351141929626,
        0.5540540814399719,
        0.6331080794334412
    ],
    "end_logits_loss": [
        3.455005168914795,
        2.1882107257843018,
        1.5663946866989136,
        1.2186558246612549
    ],
    "loss": [
        6.686927318572998,
        4.033598899841309,
        2.8758044242858887,
        2.1510746479034424
    ],
    "start_logits_accuracy": [
        0.24594594538211823,
        0.4635135233402252,
        0.620945930480957,
        0.712837815284729
    ],
    "start_logits_loss": [
        3.2319207191467285,
        1.845389485359192,
        1.3094102144241333,
        0.93241947889328
    ],
    "val_end_logits_accuracy": [
        0.3343949019908905,
        0.36942675709724426,
        0.3821656107902527,
        0.35987260937690735
    ],
    "val_end_logits_loss": [
        2.7108397483825684,
        2.4990668296813965,
        2.565061569213867,
        2.7071359157562256
    ],
    "val_loss": [
        5.022659778594971,
        4.744384765625,
        4.86292028427124,
        5.176560878753662
    ],
    "val_start_logits_accuracy": [
        0.3216560482978821,
        0.36305731534957886,
        0.4012738764286041,
        0.4012738764286041
    ],
    "val_start_logits_loss": [
        2.3118202686309814,
        2.2453184127807617,
        2.297858715057373,
        2.4694249629974365
    ]
}