{
    "evaluation": {
        "accuracy": {
            "end_accuracy": 0.8370734421364985,
            "full_accuracy": 0.7366468842729971,
            "start_accuracy": 0.8177856083086054
        },
        "exact_match": {
            "01_best_normalized": 0.7389782403027436,
            "01_best_standard": 0.7722800378429517,
            "02_best_normalized": 0.7534531693472091,
            "02_best_standard": 0.7879848628192999,
            "03_best_normalized": 0.7544938505203406,
            "03_best_standard": 0.7889309366130558,
            "05_best_normalized": 0.7544938505203406,
            "05_best_standard": 0.7889309366130558,
            "10_best_normalized": 0.7544938505203406,
            "10_best_standard": 0.7889309366130558,
            "20_best_normalized": 0.7544938505203406,
            "20_best_standard": 0.7889309366130558
        },
        "f1": {
            "01_best_normalized": 0.8388696849361921,
            "01_best_standard": 0.84865468912,
            "02_best_normalized": 0.8582533502983357,
            "02_best_standard": 0.8684120878844428,
            "03_best_normalized": 0.8592250832006741,
            "03_best_standard": 0.8693112992570388,
            "05_best_normalized": 0.8591280615426308,
            "05_best_standard": 0.8691994022004037,
            "10_best_normalized": 0.8591280615426308,
            "10_best_standard": 0.8691994022004037,
            "20_best_normalized": 0.8591280615426308,
            "20_best_standard": 0.8691994022004037
        },
        "precision": {
            "01_best_normalized": 0.8611610148793891,
            "01_best_standard": 0.8704941824683432,
            "02_best_normalized": 0.881993635559455,
            "02_best_standard": 0.8917468752974312,
            "03_best_normalized": 0.8829597888742365,
            "03_best_standard": 0.8926103928898989,
            "05_best_normalized": 0.8828054887435882,
            "05_best_standard": 0.8924324409144065,
            "10_best_normalized": 0.8828054887435882,
            "10_best_standard": 0.8924324409144065,
            "20_best_normalized": 0.8828054887435882,
            "20_best_standard": 0.8924324409144065
        },
        "recall": {
            "01_best_normalized": 0.8504395849969083,
            "01_best_standard": 0.8579726688563287,
            "02_best_normalized": 0.8702291037389983,
            "02_best_standard": 0.878106612359478,
            "03_best_normalized": 0.8712349658470364,
            "03_best_standard": 0.8790178568492466,
            "05_best_normalized": 0.871212815706627,
            "05_best_standard": 0.8789831674768089,
            "10_best_normalized": 0.871212815706627,
            "10_best_standard": 0.8789831674768089,
            "20_best_normalized": 0.871212815706627,
            "20_best_standard": 0.8789831674768089
        }
    },
    "training": {
        "attempted_epochs": 10,
        "best_epoch": 1,
        "gpu": "NVIDIA GeForce RTX 3070 Ti",
        "history": {
            "end_logits_accuracy": [
                0.6687816977500916,
                0.7869016528129578,
                0.8497093319892883
            ],
            "end_logits_loss": [
                1.1950879096984863,
                0.708168625831604,
                0.4699431359767914
            ],
            "loss": [
                2.4798903465270996,
                1.4927574396133423,
                1.0019831657409668
            ],
            "start_logits_accuracy": [
                0.6329993605613708,
                0.7519480586051941,
                0.820420503616333
            ],
            "start_logits_loss": [
                1.2848070859909058,
                0.7845922112464905,
                0.5320413112640381
            ],
            "val_end_logits_accuracy": [
                0.7293458580970764,
                0.7346885800361633,
                0.7363826036453247
            ],
            "val_end_logits_loss": [
                0.9639863967895508,
                1.0606075525283813,
                1.2154731750488281
            ],
            "val_loss": [
                2.0537006855010986,
                2.279345989227295,
                2.582397937774658
            ],
            "val_start_logits_accuracy": [
                0.6738337278366089,
                0.6823039054870605,
                0.6820432543754578
            ],
            "val_start_logits_loss": [
                1.0897159576416016,
                1.2187395095825195,
                1.3669242858886719
            ]
        },
        "training_time": 9364.988707100001
    }
}