{
    "exact_match": 78.89309366130558,
    "f1": 86.91994022004037
}