{
    "evaluation": {
        "accuracy": {
            "end_accuracy": 0.43934426229508194,
            "full_accuracy": 0.18688524590163935,
            "start_accuracy": 0.38688524590163936
        },
        "exact_match": {
            "01_best_normalized": 0.2507836990595611,
            "01_best_standard": 0.18495297805642633,
            "02_best_normalized": 0.2727272727272727,
            "02_best_standard": 0.20376175548589343,
            "03_best_normalized": 0.2727272727272727,
            "03_best_standard": 0.20376175548589343,
            "05_best_normalized": 0.2727272727272727,
            "05_best_standard": 0.20376175548589343,
            "10_best_normalized": 0.2727272727272727,
            "10_best_standard": 0.20376175548589343,
            "20_best_normalized": 0.2727272727272727,
            "20_best_standard": 0.20376175548589343
        },
        "f1": {
            "01_best_normalized": 0.49119310674054445,
            "01_best_standard": 0.4712817385019266,
            "02_best_normalized": 0.5911243061808892,
            "02_best_standard": 0.5681445319414364,
            "03_best_normalized": 0.6033408104855879,
            "03_best_standard": 0.5792903018116772,
            "05_best_normalized": 0.6183205084233545,
            "05_best_standard": 0.5941889097137693,
            "10_best_normalized": 0.6203383778717617,
            "10_best_standard": 0.5966838483179538,
            "20_best_normalized": 0.6196639217114123,
            "20_best_standard": 0.5958852216572582
        },
        "metric_stats": {
            "count_of_bad_no_answer_predictions": 0,
            "count_of_bad_predictions": 248,
            "count_of_good_no_answer_predictions": 0,
            "count_of_good_predictions": 57,
            "count_of_no_answer_actuals": 0,
            "count_of_no_answer_predictions": 0,
            "count_of_normal_actuals": 305,
            "count_of_start_after_end_predictions": 16,
            "total_predictions": 305
        },
        "precision": {
            "01_best_normalized": 0.5332525878914608,
            "01_best_standard": 0.5150714393966805,
            "02_best_normalized": 0.6575934156158241,
            "02_best_standard": 0.6357219433667212,
            "03_best_normalized": 0.685106850456845,
            "03_best_standard": 0.6615519984817662,
            "05_best_normalized": 0.712928167071265,
            "05_best_standard": 0.6890685432396902,
            "10_best_normalized": 0.7158785635307893,
            "10_best_standard": 0.6924301997320182,
            "20_best_normalized": 0.7187499315137192,
            "20_best_standard": 0.6952821572119249
        },
        "recall": {
            "01_best_normalized": 0.5295828733903081,
            "01_best_standard": 0.5063460902483619,
            "02_best_normalized": 0.6272551417309588,
            "02_best_standard": 0.6007928884803656,
            "03_best_normalized": 0.6335646648227422,
            "03_best_standard": 0.6063360109255636,
            "05_best_normalized": 0.6439411952584815,
            "05_best_standard": 0.6166840509122128,
            "10_best_normalized": 0.6454538030858992,
            "10_best_standard": 0.6186104090978293,
            "20_best_normalized": 0.644793845983111,
            "20_best_standard": 0.6178496475717187
        }
    },
    "squad_evaluation": {
        "accuracy": {
            "end_accuracy": 0.11156186612576065,
            "full_accuracy": 0.04964744518497054,
            "start_accuracy": 0.11503911909591423
        },
        "exact_match": {
            "01_best_normalized": 0.05600756859035005,
            "01_best_standard": 0.04938505203405866,
            "02_best_normalized": 0.06641438032166509,
            "02_best_standard": 0.05856196783349101,
            "03_best_normalized": 0.07057710501419111,
            "03_best_standard": 0.06225165562913907,
            "05_best_normalized": 0.07133396404919584,
            "05_best_standard": 0.06291390728476821,
            "10_best_normalized": 0.07190160832544938,
            "10_best_standard": 0.06348155156102175,
            "20_best_normalized": 0.07218543046357616,
            "20_best_standard": 0.06367076631977295
        },
        "f1": {
            "01_best_normalized": 0.11206877828807342,
            "01_best_standard": 0.10960842775200322,
            "02_best_normalized": 0.13732657243094995,
            "02_best_standard": 0.13394615293023968,
            "03_best_normalized": 0.14578771573203497,
            "03_best_standard": 0.14213233595050961,
            "05_best_normalized": 0.14819273101399483,
            "05_best_standard": 0.14448462955297603,
            "10_best_normalized": 0.14956347503631284,
            "10_best_standard": 0.1458813723976097,
            "20_best_normalized": 0.15044425147914212,
            "20_best_standard": 0.1466218364137826
        },
        "metric_stats": {
            "count_of_bad_no_answer_predictions": 4,
            "count_of_bad_predictions": 9799,
            "count_of_good_no_answer_predictions": 0,
            "count_of_good_predictions": 554,
            "count_of_no_answer_predictions": 4,
            "count_of_start_after_end_predictions": 1554,
            "total_predictions": 10353
        },
        "precision": {
            "01_best_normalized": 0.1042422898929768,
            "01_best_standard": 0.1022002123183501,
            "02_best_normalized": 0.12804007951235297,
            "02_best_standard": 0.125351200255227,
            "03_best_normalized": 0.13607777770608706,
            "03_best_standard": 0.13329236753109536,
            "05_best_normalized": 0.13819422366881773,
            "05_best_standard": 0.13529529560769019,
            "10_best_normalized": 0.13914768839718275,
            "10_best_standard": 0.1363684238884127,
            "20_best_normalized": 0.1400001587713989,
            "20_best_standard": 0.1370934478519029
        },
        "recall": {
            "01_best_normalized": 0.16940181565660953,
            "01_best_standard": 0.1656037281592493,
            "02_best_normalized": 0.21023324186083042,
            "02_best_standard": 0.20438076578245012,
            "03_best_normalized": 0.22228621571558796,
            "03_best_standard": 0.21623017975573025,
            "05_best_normalized": 0.2266115450236412,
            "05_best_standard": 0.2204790318347871,
            "10_best_normalized": 0.2296811885552155,
            "10_best_standard": 0.22354205639625346,
            "20_best_normalized": 0.23103610138127312,
            "20_best_standard": 0.22459174779599214
        }
    },
    "training": {
        "attempted_epochs": 4,
        "best_epoch": 2,
        "gpu": "NVIDIA GeForce RTX 3070 Ti",
        "history": {
            "end_logits_accuracy": [
                0.22462686896324158,
                0.4649253785610199,
                0.6895522475242615,
                0.8522388339042664
            ],
            "end_logits_loss": [
                3.2001726627349854,
                1.8221663236618042,
                0.9396831393241882,
                0.4554906189441681
            ],
            "loss": [
                6.242761135101318,
                3.438283681869507,
                1.6293597221374512,
                0.7545654773712158
            ],
            "start_logits_accuracy": [
                0.22089552879333496,
                0.5201492309570312,
                0.7902985215187073,
                0.9074627161026001
            ],
            "start_logits_loss": [
                3.0425851345062256,
                1.6161164045333862,
                0.6896767020225525,
                0.2990749180316925
            ],
            "val_end_logits_accuracy": [
                0.3541666567325592,
                0.3819444477558136,
                0.3854166567325592,
                0.3854166567325592
            ],