{
    "evaluation": {
        "accuracy": {
            "end_accuracy": 0.46557377049180326,
            "full_accuracy": 0.22295081967213115,
            "start_accuracy": 0.43278688524590164
        },
        "exact_match": {
            "01_best_normalized": 0.2601880877742947,
            "01_best_standard": 0.2006269592476489,
            "02_best_normalized": 0.27899686520376177,
            "02_best_standard": 0.21630094043887146,
            "03_best_normalized": 0.2884012539184953,
            "03_best_standard": 0.22570532915360503,
            "05_best_normalized": 0.29153605015673983,
            "05_best_standard": 0.22884012539184953,
            "10_best_normalized": 0.29153605015673983,
            "10_best_standard": 0.22884012539184953,
            "20_best_normalized": 0.29153605015673983,
            "20_best_standard": 0.22884012539184953
        },
        "f1": {
            "01_best_normalized": 0.4983477681343544,
            "01_best_standard": 0.4754443508675033,
            "02_best_normalized": 0.5686567487752505,
            "02_best_standard": 0.5444788192352075,
            "03_best_normalized": 0.5984866180046504,
            "03_best_standard": 0.5735750292107186,
            "05_best_normalized": 0.6253964532791558,
            "05_best_standard": 0.5998742646542249,
            "10_best_normalized": 0.6310354778520789,
            "10_best_standard": 0.6052939453831927,
            "20_best_normalized": 0.6331890437526483,
            "20_best_standard": 0.6072844939254655
        },
        "metric_stats": {
            "count_of_bad_no_answer_predictions": 0,
            "count_of_bad_predictions": 237,
            "count_of_good_no_answer_predictions": 0,
            "count_of_good_predictions": 68,
            "count_of_no_answer_actuals": 0,
            "count_of_no_answer_predictions": 0,
            "count_of_normal_actuals": 305,
            "count_of_start_after_end_predictions": 12,
            "total_predictions": 305
        },
        "precision": {
            "01_best_normalized": 0.5186106164923241,
            "01_best_standard": 0.4961022192709597,
            "02_best_normalized": 0.6016548011995035,
            "02_best_standard": 0.5775096755109794,
            "03_best_normalized": 0.6479541914644111,
            "03_best_standard": 0.6230571126866666,
            "05_best_normalized": 0.6916577184887777,
            "05_best_standard": 0.6667381761953163,
            "10_best_normalized": 0.6983283804839833,
            "10_best_standard": 0.6724086311451563,
            "20_best_normalized": 0.7032834659664521,
            "20_best_standard": 0.6771369666604906
        },
        "recall": {
            "01_best_normalized": 0.5713609737202159,
            "01_best_standard": 0.5404326847821772,
            "02_best_normalized": 0.6482298437930858,
            "02_best_standard": 0.616046725046112,
            "03_best_normalized": 0.6719789506344315,
            "03_best_standard": 0.6392117034723835,
            "05_best_normalized": 0.6940433694468432,
            "05_best_standard": 0.660671862262633,
            "10_best_normalized": 0.6994410201069172,
            "10_best_standard": 0.6659721565077236,
            "20_best_normalized": 0.7008640526098044,
            "20_best_standard": 0.6672866536170061
        }
    },
    "squad_evaluation": {
        "accuracy": {
            "end_accuracy": 0.10141987829614604,
            "full_accuracy": 0.04385202356804791,
            "start_accuracy": 0.11928909494832415
        },
        "exact_match": {
            "01_best_normalized": 0.04739829706717124,
            "01_best_standard": 0.04295175023651845,
            "02_best_normalized": 0.05581835383159887,
            "02_best_standard": 0.05042573320719016,
            "03_best_normalized": 0.059508041627246926,
            "03_best_standard": 0.052790917691579946,
            "05_best_normalized": 0.06187322611163671,
            "05_best_standard": 0.054493850520340587,
            "10_best_normalized": 0.06291390728476821,
            "10_best_standard": 0.0554399243140965,
            "20_best_normalized": 0.06281929990539262,
            "20_best_standard": 0.05525070955534532
        },
        "f1": {
            "01_best_normalized": 0.10923975072740598,
            "01_best_standard": 0.1053562521646261,
            "02_best_normalized": 0.13319709791885626,
            "02_best_standard": 0.1286637991717821,
            "03_best_normalized": 0.14798469006879675,
            "03_best_standard": 0.1423090069842338,
            "05_best_normalized": 0.16160033050529726,
            "05_best_standard": 0.1547606680157854,
            "10_best_normalized": 0.16429662998380123,
            "10_best_standard": 0.15736088180715407,
            "20_best_normalized": 0.16439544221878227,
            "20_best_standard": 0.15745288329776386
        },
        "metric_stats": {
            "count_of_bad_no_answer_predictions": 0,
            "count_of_bad_predictions": 9875,
            "count_of_good_no_answer_predictions": 0,
            "count_of_good_predictions": 478,
            "count_of_no_answer_predictions": 0,
            "count_of_start_after_end_predictions": 2385,
            "total_predictions": 10353
        },
        "precision": {
            "01_best_normalized": 0.09707018028231176,
            "01_best_standard": 0.09402736785940374,
            "02_best_normalized": 0.11845739467499358,
            "02_best_standard": 0.11481534133103563,
            "03_best_normalized": 0.13100524819412693,
            "03_best_standard": 0.12646413789429686,
            "05_best_normalized": 0.1423836114176158,
            "05_best_standard": 0.13685044045043224,
            "10_best_normalized": 0.1449767729107863,
            "10_best_standard": 0.13945097759796277,
            "20_best_normalized": 0.1450379255404048,
            "20_best_standard": 0.1395176856124105
        },
        "recall": {
            "01_best_normalized": 0.18065052692090955,
            "01_best_standard": 0.17269094222319242,
            "02_best_normalized": 0.22247318827588675,
            "02_best_standard": 0.21264786054901375,
            "03_best_normalized": 0.2538501584577389,
            "03_best_standard": 0.2411650747854505,
            "05_best_normalized": 0.2801543270843652,
            "05_best_standard": 0.2647602660719478,
            "10_best_normalized": 0.28393347354542514,
            "10_best_standard": 0.2684532235263136,
            "20_best_normalized": 0.28416210804558284,
            "20_best_standard": 0.26862351680918967
        }
    },
    "training": {
        "attempted_epochs": 4,
        "best_epoch": 3,
        "gpu": "NVIDIA GeForce RTX 3070 Ti",
        "history": {
            "end_logits_accuracy": [
                0.1447761207818985,
                0.312686562538147,
                0.44552239775657654,
                0.49850746989250183
            ],
            "end_logits_loss": [
                4.029078006744385,
                2.4485855102539062,
                1.900887131690979,
                1.6275161504745483
            ],
            "loss": [
                7.818533420562744,
                4.6711835861206055,
                3.5980894565582275,
                3.0502405166625977
            ],
            "start_logits_accuracy": [
                0.15074627101421356,
                0.3761194050312042,
                0.512686550617218,
                0.5656716227531433
            ],
            "start_logits_loss": [
                3.7894577980041504,
                2.22259783744812,
                1.6972025632858276,
                1.4227230548858643
            ],
            "val_end_logits_accuracy": [
                0.2673611044883728,
                0.3263888955116272,
                0.3472222089767456,
                0.3680555522441864
            ],