{
    "accuracy": {
        "end_accuracy": 0.43934426229508194,
        "full_accuracy": 0.18688524590163935,
        "start_accuracy": 0.38688524590163936
    },
    "exact_match": {
        "01_best_normalized": 0.2507836990595611,
        "01_best_standard": 0.18495297805642633,
        "02_best_normalized": 0.2727272727272727,
        "02_best_standard": 0.20376175548589343,
        "03_best_normalized": 0.2727272727272727,
        "03_best_standard": 0.20376175548589343,
        "05_best_normalized": 0.2727272727272727,
        "05_best_standard": 0.20376175548589343,
        "10_best_normalized": 0.2727272727272727,
        "10_best_standard": 0.20376175548589343,
        "20_best_normalized": 0.2727272727272727,
        "20_best_standard": 0.20376175548589343
    },
    "f1": {
        "01_best_normalized": 0.49119310674054445,
        "01_best_standard": 0.4712817385019266,
        "02_best_normalized": 0.5911243061808892,
        "02_best_standard": 0.5681445319414364,
        "03_best_normalized": 0.6033408104855879,
        "03_best_standard": 0.5792903018116772,
        "05_best_normalized": 0.6183205084233545,
        "05_best_standard": 0.5941889097137693,
        "10_best_normalized": 0.6203383778717617,
        "10_best_standard": 0.5966838483179538,
        "20_best_normalized": 0.6196639217114123,
        "20_best_standard": 0.5958852216572582
    },
    "metric_stats": {
        "count_of_bad_no_answer_predictions": 0,
        "count_of_bad_predictions": 248,
        "count_of_good_no_answer_predictions": 0,
        "count_of_good_predictions": 57,
        "count_of_no_answer_actuals": 0,
        "count_of_no_answer_predictions": 0,
        "count_of_normal_actuals": 305,
        "count_of_start_after_end_predictions": 16,
        "total_predictions": 305
    },
    "precision": {
        "01_best_normalized": 0.5332525878914608,
        "01_best_standard": 0.5150714393966805,
        "02_best_normalized": 0.6575934156158241,
        "02_best_standard": 0.6357219433667212,
        "03_best_normalized": 0.685106850456845,
        "03_best_standard": 0.6615519984817662,
        "05_best_normalized": 0.712928167071265,
        "05_best_standard": 0.6890685432396902,
        "10_best_normalized": 0.7158785635307893,
        "10_best_standard": 0.6924301997320182,
        "20_best_normalized": 0.7187499315137192,
        "20_best_standard": 0.6952821572119249
    },
    "recall": {
        "01_best_normalized": 0.5295828733903081,
        "01_best_standard": 0.5063460902483619,
        "02_best_normalized": 0.6272551417309588,
        "02_best_standard": 0.6007928884803656,
        "03_best_normalized": 0.6335646648227422,
        "03_best_standard": 0.6063360109255636,
        "05_best_normalized": 0.6439411952584815,
        "05_best_standard": 0.6166840509122128,
        "10_best_normalized": 0.6454538030858992,
        "10_best_standard": 0.6186104090978293,
        "20_best_normalized": 0.644793845983111,
        "20_best_standard": 0.6178496475717187
    }
}