{
    "end_logits_accuracy": [
        0.1447761207818985,
        0.312686562538147,
        0.44552239775657654,
        0.49850746989250183
    ],
    "end_logits_loss": [
        4.029078006744385,
        2.4485855102539062,
        1.900887131690979,
        1.6275161504745483
    ],
    "loss": [
        7.818533420562744,
        4.6711835861206055,
        3.5980894565582275,
        3.0502405166625977
    ],
    "start_logits_accuracy": [
        0.15074627101421356,
        0.3761194050312042,
        0.512686550617218,
        0.5656716227531433
    ],
    "start_logits_loss": [
        3.7894577980041504,
        2.22259783744812,
        1.6972025632858276,
        1.4227230548858643
    ],
    "val_end_logits_accuracy": [
        0.2673611044883728,
        0.3263888955116272,
        0.3472222089767456,
        0.3680555522441864
    ],
    "val_end_logits_loss": [
        2.76539945602417,
        2.426945209503174,
        2.330695867538452,
        2.3228635787963867
    ],
    "val_loss": [
        5.409136772155762,
        4.739699363708496,
        4.606645107269287,
        4.626491069793701
    ],
    "val_start_logits_accuracy": [
        0.2951388955116272,
        0.3333333432674408,
        0.3506944477558136,
        0.3368055522441864
    ],
    "val_start_logits_loss": [
        2.6437368392944336,
        2.3127546310424805,
        2.2759487628936768,
        2.30362606048584
    ]
}