{
    "accuracy": {
        "end_accuracy": 0.11156186612576065,
        "full_accuracy": 0.04964744518497054,
        "start_accuracy": 0.11503911909591423
    },
    "exact_match": {
        "01_best_normalized": 0.05600756859035005,
        "01_best_standard": 0.04938505203405866,
        "02_best_normalized": 0.06641438032166509,
        "02_best_standard": 0.05856196783349101,
        "03_best_normalized": 0.07057710501419111,
        "03_best_standard": 0.06225165562913907,
        "05_best_normalized": 0.07133396404919584,
        "05_best_standard": 0.06291390728476821,
        "10_best_normalized": 0.07190160832544938,
        "10_best_standard": 0.06348155156102175,
        "20_best_normalized": 0.07218543046357616,
        "20_best_standard": 0.06367076631977295
    },
    "f1": {
        "01_best_normalized": 0.11206877828807342,
        "01_best_standard": 0.10960842775200322,
        "02_best_normalized": 0.13732657243094995,
        "02_best_standard": 0.13394615293023968,
        "03_best_normalized": 0.14578771573203497,
        "03_best_standard": 0.14213233595050961,
        "05_best_normalized": 0.14819273101399483,
        "05_best_standard": 0.14448462955297603,
        "10_best_normalized": 0.14956347503631284,
        "10_best_standard": 0.1458813723976097,
        "20_best_normalized": 0.15044425147914212,
        "20_best_standard": 0.1466218364137826
    },
    "metric_stats": {
        "count_of_bad_no_answer_predictions": 4,
        "count_of_bad_predictions": 9799,
        "count_of_good_no_answer_predictions": 0,
        "count_of_good_predictions": 554,
        "count_of_no_answer_predictions": 4,
        "count_of_start_after_end_predictions": 1554,
        "total_predictions": 10353
    },
    "precision": {
        "01_best_normalized": 0.1042422898929768,
        "01_best_standard": 0.1022002123183501,
        "02_best_normalized": 0.12804007951235297,
        "02_best_standard": 0.125351200255227,
        "03_best_normalized": 0.13607777770608706,
        "03_best_standard": 0.13329236753109536,
        "05_best_normalized": 0.13819422366881773,
        "05_best_standard": 0.13529529560769019,
        "10_best_normalized": 0.13914768839718275,
        "10_best_standard": 0.1363684238884127,
        "20_best_normalized": 0.1400001587713989,
        "20_best_standard": 0.1370934478519029
    },
    "recall": {
        "01_best_normalized": 0.16940181565660953,
        "01_best_standard": 0.1656037281592493,
        "02_best_normalized": 0.21023324186083042,
        "02_best_standard": 0.20438076578245012,
        "03_best_normalized": 0.22228621571558796,
        "03_best_standard": 0.21623017975573025,
        "05_best_normalized": 0.2266115450236412,
        "05_best_standard": 0.2204790318347871,
        "10_best_normalized": 0.2296811885552155,
        "10_best_standard": 0.22354205639625346,
        "20_best_normalized": 0.23103610138127312,
        "20_best_standard": 0.22459174779599214
    }
}