{
    "evaluation": {
        "accuracy": {
            "end_accuracy": 0.8223538119911177,
            "full_accuracy": 0.731680236861584,
            "start_accuracy": 0.8205033308660251
        },
        "exact_match": {
            "01_best_normalized": 0.7620624408703879,
            "01_best_standard": 0.736802270577105,
            "02_best_normalized": 0.7696310312204352,
            "02_best_standard": 0.7441816461684011,
            "03_best_normalized": 0.7700094607379375,
            "03_best_standard": 0.7442762535477767,
            "05_best_normalized": 0.7699148533585619,
            "05_best_standard": 0.7442762535477767,
            "10_best_normalized": 0.7699148533585619,
            "10_best_standard": 0.7442762535477767,
            "20_best_normalized": 0.7699148533585619,
            "20_best_standard": 0.7442762535477767
        },
        "f1": {
            "01_best_normalized": 0.8499392968076185,
            "01_best_standard": 0.8406498601271429,
            "02_best_normalized": 0.8606189503638805,
            "02_best_standard": 0.851107411727432,
            "03_best_normalized": 0.8609385032304079,
            "03_best_standard": 0.8513576869662987,
            "05_best_normalized": 0.8608274002053976,
            "05_best_standard": 0.8512686447268862,
            "10_best_normalized": 0.8608274002053976,
            "10_best_standard": 0.8512686447268862,
            "20_best_normalized": 0.8608274002053976,
            "20_best_standard": 0.8512686447268862
        },
        "metric_stats": {
            "count_of_bad_no_answer_predictions": 14,
            "count_of_bad_predictions": 2755,
            "count_of_good_no_answer_predictions": 114,
            "count_of_good_predictions": 8053,
            "count_of_no_answer_predictions": 128,
            "count_of_start_after_end_predictions": 180,
            "total_predictions": 10808
        },
        "precision": {
            "01_best_normalized": 0.8845753104851983,
            "01_best_standard": 0.8795067795719841,
            "02_best_normalized": 0.8964427681477315,
            "02_best_standard": 0.8910643161259729,
            "03_best_normalized": 0.8969445149030261,
            "03_best_standard": 0.8914642570357713,
            "05_best_normalized": 0.8968445013876861,
            "05_best_standard": 0.891388556862681,
            "10_best_normalized": 0.8968445013876861,
            "10_best_standard": 0.891388556862681,
            "20_best_normalized": 0.8968445013876861,
            "20_best_standard": 0.891388556862681
        },
        "recall": {
            "01_best_normalized": 0.8505766901616564,
            "01_best_standard": 0.8392787116315528,
            "02_best_normalized": 0.8617056009334239,
            "02_best_standard": 0.850155866117979,
            "03_best_normalized": 0.8619232186532202,
            "03_best_standard": 0.8502958061999718,
            "05_best_normalized": 0.861777365610016,
            "05_best_standard": 0.8501665094481587,
            "10_best_normalized": 0.861777365610016,
            "10_best_standard": 0.8501665094481587,
            "20_best_normalized": 0.861777365610016,
            "20_best_standard": 0.8501665094481587
        }
    },
    "medical_evaluation": {
        "accuracy": {
            "end_accuracy": 0.41067285382830626,
            "full_accuracy": 0.3413987404706662,
            "start_accuracy": 0.4749751408684123
        },
        "exact_match": {
            "01_best_normalized": 0.19266963843486876,
            "01_best_standard": 0.16344725111441308,
            "02_best_normalized": 0.2065378900445765,
            "02_best_standard": 0.1743437345220406,
            "03_best_normalized": 0.20802377414561665,
            "03_best_standard": 0.17632491332342745,
            "05_best_normalized": 0.20802377414561665,
            "05_best_standard": 0.17632491332342745,
            "10_best_normalized": 0.20802377414561665,
            "10_best_standard": 0.17632491332342745,
            "20_best_normalized": 0.20802377414561665,
            "20_best_standard": 0.17632491332342745
        },
        "f1": {
            "01_best_normalized": 0.40582097315824844,
            "01_best_standard": 0.3836786969599393,
            "02_best_normalized": 0.4561570417858103,
            "02_best_standard": 0.4307298616748564,
            "03_best_normalized": 0.4625242640690677,
            "03_best_standard": 0.43718552467276584,
            "05_best_normalized": 0.46288060720388213,
            "05_best_standard": 0.43752518439627264,
            "10_best_normalized": 0.46288060720388213,
            "10_best_standard": 0.43752518439627264,
            "20_best_normalized": 0.46288060720388213,
            "20_best_standard": 0.43752518439627264
        },
        "metric_stats": {
            "count_of_bad_no_answer_predictions": 368,
            "count_of_bad_predictions": 1987,
            "count_of_good_no_answer_predictions": 717,
            "count_of_good_predictions": 1030,
            "count_of_no_answer_actuals": 961,
            "count_of_no_answer_predictions": 1085,
            "count_of_normal_actuals": 2056,
            "count_of_start_after_end_predictions": 89,
            "total_predictions": 3017
        },
        "precision": {
            "01_best_normalized": 0.606177489237318,
            "01_best_standard": 0.5732653624148434,
            "02_best_normalized": 0.7136515583996138,
            "02_best_standard": 0.6718474135592971,
            "03_best_normalized": 0.7255812875167209,
            "03_best_standard": 0.6839604521631649,
            "05_best_normalized": 0.7267114599693302,
            "05_best_standard": 0.6849698192200804,
            "10_best_normalized": 0.7267114599693302,
            "10_best_standard": 0.6849698192200804,
            "20_best_normalized": 0.7267114599693302,
            "20_best_standard": 0.6849698192200804
        },
        "recall": {
            "01_best_normalized": 0.3661301315529306,
            "01_best_standard": 0.3449057986056314,
            "02_best_normalized": 0.4085063019537826,
            "02_best_standard": 0.3849271083896255,
            "03_best_normalized": 0.4146841960746792,
            "03_best_standard": 0.3912165731586346,
            "05_best_normalized": 0.41495790902740964,
            "05_best_standard": 0.3914963310868203,
            "10_best_normalized": 0.41495790902740964,
            "10_best_standard": 0.3914963310868203,
            "20_best_normalized": 0.41495790902740964,
            "20_best_standard": 0.3914963310868203
        }
    },
    "training": {
        "attempted_epochs": 4,
        "best_epoch": 1,
        "gpu": "NVIDIA GeForce RTX 3070 Ti",
        "history": {
            "end_logits_accuracy": [
                0.7214400172233582,
                0.7985965609550476,
                0.8485638499259949,
                0.8852410912513733
            ],
            "end_logits_loss": [
                0.9675857424736023,
                0.6640657782554626,
                0.47790420055389404,
                0.35330548882484436
            ],
            "loss": [
                2.036362648010254,
                1.4185882806777954,
                1.0336817502975464,
                0.7704713344573975
            ],
            "start_logits_accuracy": [
                0.6877298951148987,
                0.7608249187469482,
                0.8128455281257629,
                0.8533021807670593
            ],
            "start_logits_loss": [
                1.0687801837921143,
                0.7545250654220581,
                0.5557708144187927,
                0.4171665608882904
            ]
        },
        "training_time": 11659.33174519986
    }
}