{
    "end_logits_accuracy": [
        0.7214400172233582,
        0.7985965609550476,
        0.8485638499259949,
        0.8852410912513733
    ],
    "end_logits_loss": [
        0.9675857424736023,
        0.6640657782554626,
        0.47790420055389404,
        0.35330548882484436
    ],
    "loss": [
        2.036362648010254,
        1.4185882806777954,
        1.0336817502975464,
        0.7704713344573975
    ],
    "start_logits_accuracy": [
        0.6877298951148987,
        0.7608249187469482,
        0.8128455281257629,
        0.8533021807670593
    ],
    "start_logits_loss": [
        1.0687801837921143,
        0.7545250654220581,
        0.5557708144187927,
        0.4171665608882904
    ]
}