{
    "evaluation": {
        "accuracy": {
            "end_accuracy": 0.8141691394658753,
            "full_accuracy": 0.7191209198813057,
            "start_accuracy": 0.8123145400593472
        },
        "exact_match": {
            "01_best_normalized": 0.7480605487228004,
            "01_best_standard": 0.7246925260170294,
            "02_best_normalized": 0.7637653736991485,
            "02_best_standard": 0.7390728476821192,
            "03_best_normalized": 0.7641438032166509,
            "03_best_standard": 0.739356669820246,
            "05_best_normalized": 0.7640491958372753,
            "05_best_standard": 0.7392620624408703,
            "10_best_normalized": 0.7640491958372753,
            "10_best_standard": 0.7392620624408703,
            "20_best_normalized": 0.7640491958372753,
            "20_best_standard": 0.7392620624408703
        },
        "f1": {
            "01_best_normalized": 0.8312292230327212,
            "01_best_standard": 0.8228426744481384,
            "02_best_normalized": 0.8513458069117348,
            "02_best_standard": 0.8425208770303905,
            "03_best_normalized": 0.8515828815653044,
            "03_best_standard": 0.842772064400783,
            "05_best_normalized": 0.8514827178795211,
            "05_best_standard": 0.8426744623534342,
            "10_best_normalized": 0.8514196462932708,
            "10_best_standard": 0.8426113907671838,
            "20_best_normalized": 0.8514196462932708,
            "20_best_standard": 0.8426113907671838
        },
        "metric_stats": {
            "count_of_bad_no_answer_predictions": 10,
            "count_of_bad_predictions": 2861,
            "count_of_good_no_answer_predictions": 101,
            "count_of_good_predictions": 7923,
            "count_of_no_answer_predictions": 111,
            "count_of_start_after_end_predictions": 348,
            "total_predictions": 10784
        },
        "precision": {
            "01_best_normalized": 0.859125710583039,
            "01_best_standard": 0.8539998573732435,
            "02_best_normalized": 0.8803151582897535,
            "02_best_standard": 0.8749081447175067,
            "03_best_normalized": 0.8805879140213552,
            "03_best_standard": 0.8751648322116587,
            "05_best_normalized": 0.8805381325193502,
            "05_best_standard": 0.8751129107808349,
            "10_best_normalized": 0.8804435251399746,
            "10_best_standard": 0.8750183034014593,
            "20_best_normalized": 0.8804435251399746,
            "20_best_standard": 0.8750183034014593
        },
        "recall": {
            "01_best_normalized": 0.8386718546666498,
            "01_best_standard": 0.8291075352632606,
            "02_best_normalized": 0.8597397828876606,
            "02_best_standard": 0.849685899043667,
            "03_best_normalized": 0.8600216186803762,
            "03_best_standard": 0.8500000873781958,
            "05_best_normalized": 0.8598797076113128,
            "05_best_standard": 0.849866060257414,
            "10_best_normalized": 0.859832403921625,
            "10_best_standard": 0.8498187565677261,
            "20_best_normalized": 0.859832403921625,
            "20_best_standard": 0.8498187565677261
        }
    },
    "medical_evaluation": {
        "accuracy": {
            "end_accuracy": 0.37689862239491345,
            "full_accuracy": 0.29424231720240196,
            "start_accuracy": 0.42988343341575413
        },
        "exact_match": {
            "01_best_normalized": 0.18672610203070827,
            "01_best_standard": 0.15552253590886578,
            "02_best_normalized": 0.2060425953442298,
            "02_best_standard": 0.17137196631996038,
            "03_best_normalized": 0.20901436354631006,
            "03_best_standard": 0.1733531451213472,
            "05_best_normalized": 0.21050024764735017,
            "05_best_standard": 0.1743437345220406,
            "10_best_normalized": 0.21050024764735017,
            "10_best_standard": 0.1743437345220406,
            "20_best_normalized": 0.21050024764735017,
            "20_best_standard": 0.1743437345220406
        },
        "f1": {
            "01_best_normalized": 0.38611625066593896,
            "01_best_standard": 0.36565312532579214,
            "02_best_normalized": 0.44750754019485867,
            "02_best_standard": 0.42392051283142734,
            "03_best_normalized": 0.4546418975450218,
            "03_best_standard": 0.4309206917709563,
            "05_best_normalized": 0.45747547953638246,
            "05_best_standard": 0.43359724021590185,
            "10_best_normalized": 0.45739764751204226,
            "10_best_standard": 0.43353291622884393,
            "20_best_normalized": 0.45739764751204226,
            "20_best_standard": 0.43353291622884393
        },
        "metric_stats": {
            "count_of_bad_no_answer_predictions": 324,
            "count_of_bad_predictions": 1998,
            "count_of_good_no_answer_predictions": 542,
            "count_of_good_predictions": 833,
            "count_of_no_answer_actuals": 780,
            "count_of_no_answer_predictions": 866,
            "count_of_normal_actuals": 2051,
            "count_of_start_after_end_predictions": 204,
            "total_predictions": 2831
        },
        "precision": {
            "01_best_normalized": 0.5594106556779469,
            "01_best_standard": 0.5285706936601584,
            "02_best_normalized": 0.6737468498618381,
            "02_best_standard": 0.6360596204022103,
            "03_best_normalized": 0.6877925971913893,
            "03_best_standard": 0.6495160404336675,
            "05_best_normalized": 0.691552906003704,
            "05_best_standard": 0.652932077096361,
            "10_best_normalized": 0.6918359315467593,
            "10_best_standard": 0.6532151026394163,
            "20_best_normalized": 0.6918359315467593,
            "20_best_standard": 0.6532151026394163
        },
        "recall": {
            "01_best_normalized": 0.3540093058907995,
            "01_best_standard": 0.3349289885703238,
            "02_best_normalized": 0.4080801341398308,
            "02_best_standard": 0.3864921349298471,
            "03_best_normalized": 0.4140624284590337,
            "03_best_standard": 0.39238543301300755,
            "05_best_normalized": 0.41671870635916924,
            "05_best_standard": 0.3948753992607999,
            "10_best_normalized": 0.41664250717450046,
            "10_best_standard": 0.3948144399130649,
            "20_best_normalized": 0.41664250717450046,
            "20_best_standard": 0.3948144399130649
        }
    },
    "training": {
        "attempted_epochs": 4,
        "best_epoch": 1,
        "gpu": "NVIDIA GeForce RTX 3070 Ti",
        "history": {
            "end_logits_accuracy": [
                0.6727215051651001,
                0.7944173216819763,
                0.8648163080215454,
                0.9115155339241028
            ],
            "end_logits_loss": [
                1.1692308187484741,
                0.674363911151886,
                0.4161362648010254,
                0.2658780515193939
            ],
            "loss": [
                2.4440248012542725,
                1.4362858533859253,
                0.897377610206604,
                0.5772302746772766
            ],
            "start_logits_accuracy": [
                0.6357710957527161,
                0.7577267289161682,
                0.8345985412597656,
                0.8897926211357117
            ],
            "start_logits_loss": [
                1.274789810180664,
                0.7619168162345886,
                0.48124298453330994,
                0.31135237216949463
            ]
        },
        "training_time": 13138.34095610003
    }
}