{
    "loss": [
        1.2353636026382446,
        0.7091456055641174,
        0.47259068489074707
    ],
    "val_loss": [
        1.0201120376586914,
        1.0585538148880005,
        1.0857194662094116
    ]
}