{
    "test_set": {
        "bertscore": {
            "f1": [
                0.854134202003479,
                1.000000238418579,
                0.8704918622970581,
                0.9397488236427307,
                0.8692743182182312,
                0.8968214392662048,
                0.9096365571022034
            ],
            "hashcode": "roberta-large_L17_no-idf_version=0.3.12(hug_trans=4.35.0)",
            "precision": [
                0.8852345943450928,
                1.000000238418579,
                0.8785045146942139,
                0.952263593673706,
                0.8838106393814087,
                0.9287854433059692,
                0.9260398745536804
            ],
            "recall": [
                0.8251450061798096,
                1.000000238418579,
                0.8626241087913513,
                0.9275587201118469,
                0.8552083969116211,
                0.8669842481613159,
                0.8938043117523193
            ]
        },
        "bleu": {
            "bleu": 0.0,
            "brevity_penalty": 0.6227038648477501,
            "length_ratio": 0.6785714285714286,
            "precisions": [
                0.5263157894736842,
                0.25,
                0.16666666666666666,
                0.0
            ],
            "reference_length": 28,
            "translation_length": 19
        },
        "loss": 2.7252089977264404,
        "meteor": {
            "meteor": 0.2960018704699556
        },
        "rogue": {
            "rouge1": 0.46734693877551026,
            "rouge2": 0.1285714285714286,
            "rougeL": 0.4625850340136055,
            "rougeLsum": 0.4680272108843538
        },
        "sacrebleu": {
            "bp": 0.6227038648477501,
            "counts": [
                10,
                3,
                1,
                0
            ],
            "precisions": [
                52.63157894736842,
                25.0,
                16.666666666666668,
                25.0
            ],
            "ref_len": 28,
            "score": 16.94436713288991,
            "sys_len": 19,
            "totals": [
                19,
                12,
                6,
                2
            ]
        }
    },
    "training": {
        "attempted_epochs": 1,
        "best_epoch": "best_epoch",
        "gpu": "NVIDIA GeForce RTX 4070",
        "metrics": "history.history",
        "training_time": "time_measure_cb.total_training_time()"
    }
}