{
    "evaluation": {
        "accuracy": {
            "end_accuracy": 0.4384858044164038,
            "full_accuracy": 0.2302839116719243,
            "start_accuracy": 0.4479495268138801
        },
        "exact_match": {
            "01_best_normalized": 0.30407523510971785,
            "01_best_standard": 0.2476489028213166,
            "02_best_normalized": 0.3166144200626959,
            "02_best_standard": 0.25391849529780564,
            "03_best_normalized": 0.3166144200626959,
            "03_best_standard": 0.25391849529780564,
            "05_best_normalized": 0.31974921630094044,
            "05_best_standard": 0.25391849529780564,
            "10_best_normalized": 0.31974921630094044,
            "10_best_standard": 0.25391849529780564,
            "20_best_normalized": 0.31974921630094044,
            "20_best_standard": 0.25391849529780564
        },
        "f1": {
            "01_best_normalized": 0.6019928825022253,
            "01_best_standard": 0.5809160183487845,
            "02_best_normalized": 0.6578828483913365,
            "02_best_standard": 0.6335358286104554,
            "03_best_normalized": 0.6723133595865302,
            "03_best_standard": 0.6472984498509478,
            "05_best_normalized": 0.6812584093401413,
            "05_best_standard": 0.654716895922895,
            "10_best_normalized": 0.689682395951002,
            "10_best_standard": 0.6627800853557597,
            "20_best_normalized": 0.6898278102278875,
            "20_best_standard": 0.6629128085835886
        },
        "metric_stats": {
            "count_of_bad_no_answer_predictions": 0,
            "count_of_bad_predictions": 244,
            "count_of_good_no_answer_predictions": 0,
            "count_of_good_predictions": 73,
            "count_of_no_answer_actuals": 0,
            "count_of_no_answer_predictions": 0,
            "count_of_normal_actuals": 317,
            "count_of_start_after_end_predictions": 13,
            "total_predictions": 317
        },
        "precision": {
            "01_best_normalized": 0.6565181586394894,
            "01_best_standard": 0.6359753632578201,
            "02_best_normalized": 0.7393314768607615,
            "02_best_standard": 0.7121206551009449,
            "03_best_normalized": 0.7639665422481781,
            "03_best_standard": 0.735136213437479,
            "05_best_normalized": 0.7793505422881756,
            "05_best_standard": 0.7489578150333753,
            "10_best_normalized": 0.7940345878252156,
            "10_best_standard": 0.7632808483219258,
            "20_best_normalized": 0.7940503010895678,
            "20_best_standard": 0.7632938288446515
        },
        "recall": {
            "01_best_normalized": 0.642269781203648,
            "01_best_standard": 0.6193536313795421,
            "02_best_normalized": 0.690365249582848,
            "02_best_standard": 0.6647727212400472,
            "03_best_normalized": 0.7031778102334699,
            "03_best_standard": 0.677173015038859,
            "05_best_normalized": 0.7101915995294733,
            "05_best_standard": 0.6826778318289421,
            "10_best_normalized": 0.7161286722201758,
            "10_best_standard": 0.6882922158950733,
            "20_best_normalized": 0.7162936614958729,
            "20_best_standard": 0.6884451327847437
        }
    },
    "squad_evaluation": {
        "accuracy": {
            "end_accuracy": 0.09040146336767113,
            "full_accuracy": 0.04226436892269183,
            "start_accuracy": 0.1125445268123616
        },
        "exact_match": {
            "01_best_normalized": 0.05033112582781457,
            "01_best_standard": 0.04219489120151372,
            "02_best_normalized": 0.05884578997161779,
            "02_best_standard": 0.048438978240302744,
            "03_best_normalized": 0.059602649006622516,
            "03_best_standard": 0.04910122989593188,
            "05_best_normalized": 0.0597918637653737,
            "05_best_standard": 0.04910122989593188,
            "10_best_normalized": 0.05988647114474929,
            "10_best_standard": 0.04929044465468307,
            "20_best_normalized": 0.05998107852412488,
            "20_best_standard": 0.04938505203405866
        },
        "f1": {
            "01_best_normalized": 0.1182880652216923,
            "01_best_standard": 0.11251121898462083,
            "02_best_normalized": 0.14469221670575497,
            "02_best_standard": 0.13776983566193332,
            "03_best_normalized": 0.1488659976269529,
            "03_best_standard": 0.14216479145561853,
            "05_best_normalized": 0.1504691220323276,
            "05_best_standard": 0.14369366924881363,
            "10_best_normalized": 0.15075780037273387,
            "10_best_standard": 0.14385782359089908,
            "20_best_normalized": 0.15078220306979503,
            "20_best_standard": 0.14389453905974767
        },
        "metric_stats": {
            "count_of_bad_no_answer_predictions": 3,
            "count_of_bad_predictions": 9918,
            "count_of_good_no_answer_predictions": 0,
            "count_of_good_predictions": 469,
            "count_of_no_answer_predictions": 3,
            "count_of_start_after_end_predictions": 1379,
            "total_predictions": 10387
        },
        "precision": {
            "01_best_normalized": 0.10320614512204855,
            "01_best_standard": 0.09815484462135973,
            "02_best_normalized": 0.12533577590210546,
            "02_best_standard": 0.1194064945611378,
            "03_best_normalized": 0.12871644077312902,
            "03_best_standard": 0.12303664736867806,
            "05_best_normalized": 0.12994392474810365,
            "05_best_standard": 0.124212458728821,
            "10_best_normalized": 0.13021969568315758,
            "10_best_standard": 0.1243569408188883,
            "20_best_normalized": 0.13026368678953387,
            "20_best_standard": 0.12441212845685742
        },
        "recall": {
            "01_best_normalized": 0.20612160662976747,
            "01_best_standard": 0.19511926119862544,
            "02_best_normalized": 0.25835243387906637,
            "02_best_standard": 0.24422540108457155,
            "03_best_normalized": 0.26736742637477556,
            "03_best_standard": 0.25360628129444907,
            "05_best_normalized": 0.27132462068684265,
            "05_best_standard": 0.2572794761140364,
            "10_best_normalized": 0.2719948091917048,
            "10_best_standard": 0.2577207557688922,
            "20_best_normalized": 0.2719002018123292,
            "20_best_standard": 0.2576734520792044
        }
    },
    "training": {
        "attempted_epochs": 4,
        "best_epoch": 2,
        "gpu": "NVIDIA GeForce RTX 3070 Ti",
        "history": {
            "end_logits_accuracy": [
                0.21232058107852936,
                0.464712917804718,
                0.6417464017868042,
                0.7619616985321045
            ],
            "end_logits_loss": [
                3.2487833499908447,
                1.8977985382080078,
                1.182674765586853,
                0.7428349852561951
            ],
            "loss": [
                6.246059894561768,
                3.561530351638794,
                2.1606175899505615,
                1.315597414970398
            ],
            "start_logits_accuracy": [
                0.2452153116464615,
                0.5041866302490234,
                0.679425835609436,
                0.8104066848754883
            ],
            "start_logits_loss": [
                2.9972784519195557,
                1.6637332439422607,
                0.9779430031776428,
                0.5727628469467163
            ]
        },
        "training_time": 269.9880078000001
    }
}