{
    "evaluation": {
        "accuracy": {
            "end_accuracy": 0.4921135646687697,
            "full_accuracy": 0.2586750788643533,
            "start_accuracy": 0.45425867507886436
        },
        "exact_match": {
            "01_best_normalized": 0.2884012539184953,
            "01_best_standard": 0.23510971786833856,
            "02_best_normalized": 0.29780564263322884,
            "02_best_standard": 0.2413793103448276,
            "03_best_normalized": 0.30407523510971785,
            "03_best_standard": 0.2445141065830721,
            "05_best_normalized": 0.30094043887147337,
            "05_best_standard": 0.2413793103448276,
            "10_best_normalized": 0.30094043887147337,
            "10_best_standard": 0.2413793103448276,
            "20_best_normalized": 0.30094043887147337,
            "20_best_standard": 0.2413793103448276
        },
        "f1": {
            "01_best_normalized": 0.5407478483019331,
            "01_best_standard": 0.5216535828712477,
            "02_best_normalized": 0.5936176165974393,
            "02_best_standard": 0.5737008505804027,
            "03_best_normalized": 0.6363990509184578,
            "03_best_standard": 0.6139548488357263,
            "05_best_normalized": 0.6513077721059274,
            "05_best_standard": 0.6277164198590257,
            "10_best_normalized": 0.6594069231237628,
            "10_best_standard": 0.6356912660879297,
            "20_best_normalized": 0.661744575877587,
            "20_best_standard": 0.6379338510891354
        },
        "metric_stats": {
            "count_of_bad_no_answer_predictions": 0,
            "count_of_bad_predictions": 235,
            "count_of_good_no_answer_predictions": 0,
            "count_of_good_predictions": 82,
            "count_of_no_answer_actuals": 0,
            "count_of_no_answer_predictions": 0,
            "count_of_normal_actuals": 317,
            "count_of_start_after_end_predictions": 17,
            "total_predictions": 317
        },
        "precision": {
            "01_best_normalized": 0.5613030439759188,
            "01_best_standard": 0.5429325203603158,
            "02_best_normalized": 0.6242092335415059,
            "02_best_standard": 0.6051324663837911,
            "03_best_normalized": 0.6818355631505941,
            "03_best_standard": 0.6597727320742137,
            "05_best_normalized": 0.7161000056046918,
            "05_best_standard": 0.6907447237967124,
            "10_best_normalized": 0.7292139032013482,
            "10_best_standard": 0.7034557358162252,
            "20_best_normalized": 0.7323486994395926,
            "20_best_standard": 0.7066689019604259
        },
        "recall": {
            "01_best_normalized": 0.6130324179609558,
            "01_best_standard": 0.5893447617685597,
            "02_best_normalized": 0.675149494442775,
            "02_best_standard": 0.6508543704093129,
            "03_best_normalized": 0.711450089134289,
            "03_best_standard": 0.6848577322379058,
            "05_best_normalized": 0.720832115133145,
            "05_best_standard": 0.693491583717047,
            "10_best_normalized": 0.7271600736148153,
            "10_best_standard": 0.6997756209442825,
            "20_best_normalized": 0.7289947543605667,
            "20_best_standard": 0.7014823433406601
        }
    },
    "squad_evaluation": {
        "accuracy": {
            "end_accuracy": 0.05035140078944835,
            "full_accuracy": 0.018869741022431885,
            "start_accuracy": 0.07143544815634928
        },
        "exact_match": {
            "01_best_normalized": 0.022516556291390728,
            "01_best_standard": 0.01882686849574267,
            "02_best_normalized": 0.026584673604541153,
            "02_best_standard": 0.021570482497634817,
            "03_best_normalized": 0.028760643330179754,
            "03_best_standard": 0.02336802270577105,
            "05_best_normalized": 0.02989593188268685,
            "05_best_standard": 0.02469252601702933,
            "10_best_normalized": 0.02989593188268685,
            "10_best_standard": 0.02459791863765374,
            "20_best_normalized": 0.029612109744560074,
            "20_best_standard": 0.024314096499526962
        },
        "f1": {
            "01_best_normalized": 0.079393843273681,
            "01_best_standard": 0.07595332117336179,
            "02_best_normalized": 0.09585819566292857,
            "02_best_standard": 0.09167329133994498,
            "03_best_normalized": 0.10501796656263152,
            "03_best_standard": 0.10033915565410235,
            "05_best_normalized": 0.1087194562519334,
            "05_best_standard": 0.10425043787721884,
            "10_best_normalized": 0.10826421068457762,
            "10_best_standard": 0.1037268660655607,
            "20_best_normalized": 0.10809131158526727,
            "20_best_standard": 0.10350195040555177
        },
        "metric_stats": {
            "count_of_bad_no_answer_predictions": 0,
            "count_of_bad_predictions": 10179,
            "count_of_good_no_answer_predictions": 0,
            "count_of_good_predictions": 208,
            "count_of_no_answer_predictions": 0,
            "count_of_start_after_end_predictions": 1013,
            "total_predictions": 10387
        },
        "precision": {
            "01_best_normalized": 0.06679500343206583,
            "01_best_standard": 0.06411219149093969,
            "02_best_normalized": 0.08039500051952783,
            "02_best_standard": 0.07715287310414096,
            "03_best_normalized": 0.08821592892043764,
            "03_best_standard": 0.08456735551075131,
            "05_best_normalized": 0.0912341052516451,
            "05_best_standard": 0.08779749237967184,
            "10_best_normalized": 0.0908428750258466,
            "10_best_standard": 0.08729893446553927,
            "20_best_normalized": 0.09066247240184606,
            "20_best_standard": 0.08701455354270055
        },
        "recall": {
            "01_best_normalized": 0.15666146979524087,
            "01_best_standard": 0.1483513471556882,
            "02_best_normalized": 0.1914627304412653,
            "02_best_standard": 0.18158226612148148,
            "03_best_normalized": 0.21175817544927614,
            "03_best_standard": 0.20066600842738241,
            "05_best_normalized": 0.21946669636094138,
            "05_best_standard": 0.2083547955926291,
            "10_best_normalized": 0.21868347663732435,
            "10_best_standard": 0.20754664954441673,
            "20_best_normalized": 0.21866062001323786,
            "20_best_standard": 0.20722891259719214
        }
    },
    "training": {
        "attempted_epochs": 4,
        "best_epoch": 4,
        "gpu": "NVIDIA GeForce RTX 3070 Ti",
        "history": {
            "end_logits_accuracy": [
                0.14772726595401764,
                0.31100478768348694,
                0.4246411621570587,
                0.4970095753669739
            ],
            "end_logits_loss": [
                3.638885021209717,
                2.4340977668762207,
                1.906166672706604,
                1.6481484174728394
            ],
            "loss": [
                7.226496696472168,
                4.796835899353027,
                3.7541275024414062,
                3.233367443084717
            ],
            "start_logits_accuracy": [
                0.1632775068283081,
                0.33911484479904175,
                0.4485645890235901,
                0.5227272510528564
            ],
            "start_logits_loss": [
                3.5876071453094482,
                2.3627381324768066,
                1.847961664199829,
                1.5852187871932983
            ]
        },
        "training_time": 274.98071470018476
    }
}