{
    "accuracy": {
        "end_accuracy": 0.4384858044164038,
        "full_accuracy": 0.2302839116719243,
        "start_accuracy": 0.4479495268138801
    },
    "exact_match": {
        "01_best_normalized": 0.30407523510971785,
        "01_best_standard": 0.2476489028213166,
        "02_best_normalized": 0.3166144200626959,
        "02_best_standard": 0.25391849529780564,
        "03_best_normalized": 0.3166144200626959,
        "03_best_standard": 0.25391849529780564,
        "05_best_normalized": 0.31974921630094044,
        "05_best_standard": 0.25391849529780564,
        "10_best_normalized": 0.31974921630094044,
        "10_best_standard": 0.25391849529780564,
        "20_best_normalized": 0.31974921630094044,
        "20_best_standard": 0.25391849529780564
    },
    "f1": {
        "01_best_normalized": 0.6019928825022253,
        "01_best_standard": 0.5809160183487845,
        "02_best_normalized": 0.6578828483913365,
        "02_best_standard": 0.6335358286104554,
        "03_best_normalized": 0.6723133595865302,
        "03_best_standard": 0.6472984498509478,
        "05_best_normalized": 0.6812584093401413,
        "05_best_standard": 0.654716895922895,
        "10_best_normalized": 0.689682395951002,
        "10_best_standard": 0.6627800853557597,
        "20_best_normalized": 0.6898278102278875,
        "20_best_standard": 0.6629128085835886
    },
    "metric_stats": {
        "count_of_bad_no_answer_predictions": 0,
        "count_of_bad_predictions": 244,
        "count_of_good_no_answer_predictions": 0,
        "count_of_good_predictions": 73,
        "count_of_no_answer_actuals": 0,
        "count_of_no_answer_predictions": 0,
        "count_of_normal_actuals": 317,
        "count_of_start_after_end_predictions": 13,
        "total_predictions": 317
    },
    "precision": {
        "01_best_normalized": 0.6565181586394894,
        "01_best_standard": 0.6359753632578201,
        "02_best_normalized": 0.7393314768607615,
        "02_best_standard": 0.7121206551009449,
        "03_best_normalized": 0.7639665422481781,
        "03_best_standard": 0.735136213437479,
        "05_best_normalized": 0.7793505422881756,
        "05_best_standard": 0.7489578150333753,
        "10_best_normalized": 0.7940345878252156,
        "10_best_standard": 0.7632808483219258,
        "20_best_normalized": 0.7940503010895678,
        "20_best_standard": 0.7632938288446515
    },
    "recall": {
        "01_best_normalized": 0.642269781203648,
        "01_best_standard": 0.6193536313795421,
        "02_best_normalized": 0.690365249582848,
        "02_best_standard": 0.6647727212400472,
        "03_best_normalized": 0.7031778102334699,
        "03_best_standard": 0.677173015038859,
        "05_best_normalized": 0.7101915995294733,
        "05_best_standard": 0.6826778318289421,
        "10_best_normalized": 0.7161286722201758,
        "10_best_standard": 0.6882922158950733,
        "20_best_normalized": 0.7162936614958729,
        "20_best_standard": 0.6884451327847437
    }
}