{
    "end_logits_accuracy": [
        0.21232058107852936,
        0.464712917804718,
        0.6417464017868042,
        0.7619616985321045
    ],
    "end_logits_loss": [
        3.2487833499908447,
        1.8977985382080078,
        1.182674765586853,
        0.7428349852561951
    ],
    "loss": [
        6.246059894561768,
        3.561530351638794,
        2.1606175899505615,
        1.315597414970398
    ],
    "start_logits_accuracy": [
        0.2452153116464615,
        0.5041866302490234,
        0.679425835609436,
        0.8104066848754883
    ],
    "start_logits_loss": [
        2.9972784519195557,
        1.6637332439422607,
        0.9779430031776428,
        0.5727628469467163
    ]
}