{
    "end_logits_accuracy": [
        0.14772726595401764,
        0.31100478768348694,
        0.4246411621570587,
        0.4970095753669739
    ],
    "end_logits_loss": [
        3.638885021209717,
        2.4340977668762207,
        1.906166672706604,
        1.6481484174728394
    ],
    "loss": [
        7.226496696472168,
        4.796835899353027,
        3.7541275024414062,
        3.233367443084717
    ],
    "start_logits_accuracy": [
        0.1632775068283081,
        0.33911484479904175,
        0.4485645890235901,
        0.5227272510528564
    ],
    "start_logits_loss": [
        3.5876071453094482,
        2.3627381324768066,
        1.847961664199829,
        1.5852187871932983
    ]
}