{
    "accuracy": {
        "end_accuracy": 0.09040146336767113,
        "full_accuracy": 0.04226436892269183,
        "start_accuracy": 0.1125445268123616
    },
    "exact_match": {
        "01_best_normalized": 0.05033112582781457,
        "01_best_standard": 0.04219489120151372,
        "02_best_normalized": 0.05884578997161779,
        "02_best_standard": 0.048438978240302744,
        "03_best_normalized": 0.059602649006622516,
        "03_best_standard": 0.04910122989593188,
        "05_best_normalized": 0.0597918637653737,
        "05_best_standard": 0.04910122989593188,
        "10_best_normalized": 0.05988647114474929,
        "10_best_standard": 0.04929044465468307,
        "20_best_normalized": 0.05998107852412488,
        "20_best_standard": 0.04938505203405866
    },
    "f1": {
        "01_best_normalized": 0.1182880652216923,
        "01_best_standard": 0.11251121898462083,
        "02_best_normalized": 0.14469221670575497,
        "02_best_standard": 0.13776983566193332,
        "03_best_normalized": 0.1488659976269529,
        "03_best_standard": 0.14216479145561853,
        "05_best_normalized": 0.1504691220323276,
        "05_best_standard": 0.14369366924881363,
        "10_best_normalized": 0.15075780037273387,
        "10_best_standard": 0.14385782359089908,
        "20_best_normalized": 0.15078220306979503,
        "20_best_standard": 0.14389453905974767
    },
    "metric_stats": {
        "count_of_bad_no_answer_predictions": 3,
        "count_of_bad_predictions": 9918,
        "count_of_good_no_answer_predictions": 0,
        "count_of_good_predictions": 469,
        "count_of_no_answer_predictions": 3,
        "count_of_start_after_end_predictions": 1379,
        "total_predictions": 10387
    },
    "precision": {
        "01_best_normalized": 0.10320614512204855,
        "01_best_standard": 0.09815484462135973,
        "02_best_normalized": 0.12533577590210546,
        "02_best_standard": 0.1194064945611378,
        "03_best_normalized": 0.12871644077312902,
        "03_best_standard": 0.12303664736867806,
        "05_best_normalized": 0.12994392474810365,
        "05_best_standard": 0.124212458728821,
        "10_best_normalized": 0.13021969568315758,
        "10_best_standard": 0.1243569408188883,
        "20_best_normalized": 0.13026368678953387,
        "20_best_standard": 0.12441212845685742
    },
    "recall": {
        "01_best_normalized": 0.20612160662976747,
        "01_best_standard": 0.19511926119862544,
        "02_best_normalized": 0.25835243387906637,
        "02_best_standard": 0.24422540108457155,
        "03_best_normalized": 0.26736742637477556,
        "03_best_standard": 0.25360628129444907,
        "05_best_normalized": 0.27132462068684265,
        "05_best_standard": 0.2572794761140364,
        "10_best_normalized": 0.2719948091917048,
        "10_best_standard": 0.2577207557688922,
        "20_best_normalized": 0.2719002018123292,
        "20_best_standard": 0.2576734520792044
    }
}