{
    "evaluation": {
        "accuracy": {
            "end_accuracy": 0.8474968650525706,
            "full_accuracy": 0.745249348895534,
            "start_accuracy": 0.8255040030867175
        },
        "exact_match": {
            "01_best_normalized": 0.7691579943235572,
            "01_best_standard": 0.7327341532639546,
            "02_best_normalized": 0.7774834437086092,
            "02_best_standard": 0.740302743614002,
            "03_best_normalized": 0.7777672658467361,
            "03_best_standard": 0.7406811731315043,
            "05_best_normalized": 0.7779564806054873,
            "05_best_standard": 0.7407757805108799,
            "10_best_normalized": 0.7779564806054873,
            "10_best_standard": 0.7407757805108799,
            "20_best_normalized": 0.7779564806054873,
            "20_best_standard": 0.7407757805108799
        },
        "f1": {
            "01_best_normalized": 0.8463507041366857,
            "01_best_standard": 0.8362003649401426,
            "02_best_normalized": 0.857734221405338,
            "02_best_standard": 0.8472197446355827,
            "03_best_normalized": 0.8580896325108276,
            "03_best_standard": 0.8476527830709658,
            "05_best_normalized": 0.8582157756833284,
            "05_best_standard": 0.8477600047675914,
            "10_best_normalized": 0.8582157756833284,
            "10_best_standard": 0.8477600047675914,
            "20_best_normalized": 0.8582157756833284,
            "20_best_standard": 0.8477600047675914
        },
        "metric_stats": {
            "count_of_bad_no_answer_predictions": 0,
            "count_of_bad_predictions": 2443,
            "count_of_good_no_answer_predictions": 0,
            "count_of_good_predictions": 7924,
            "count_of_no_answer_predictions": 0,
            "count_of_start_after_end_predictions": 196,
            "total_predictions": 10367
        },
        "precision": {
            "01_best_normalized": 0.8543736209824583,
            "01_best_standard": 0.8456695149742792,
            "02_best_normalized": 0.8660760606764389,
            "02_best_standard": 0.8568699397327065,
            "03_best_normalized": 0.8665462306830328,
            "03_best_standard": 0.8574309438636993,
            "05_best_normalized": 0.8666881417520963,
            "05_best_standard": 0.8575728549327628,
            "10_best_normalized": 0.8666881417520963,
            "10_best_standard": 0.8575728549327628,
            "20_best_normalized": 0.8666881417520963,
            "20_best_standard": 0.8575728549327628
        },
        "recall": {
            "01_best_normalized": 0.8680581561190392,
            "01_best_standard": 0.8598837776347398,
            "02_best_normalized": 0.8804211609390533,
            "02_best_standard": 0.8719978395950646,
            "03_best_normalized": 0.8807110738136953,
            "03_best_standard": 0.8723756226569147,
            "05_best_normalized": 0.8808056811930709,
            "05_best_standard": 0.8724702300362903,
            "10_best_normalized": 0.8808056811930709,
            "10_best_standard": 0.8724702300362903,
            "20_best_normalized": 0.8808056811930709,
            "20_best_standard": 0.8724702300362903
        }
    },
    "medical_evaluation": {
        "accuracy": {
            "end_accuracy": 0.32619775739041795,
            "full_accuracy": 0.199796126401631,
            "start_accuracy": 0.42966360856269115
        },
        "exact_match": {
            "01_best_normalized": 0.2456661713719663,
            "01_best_standard": 0.20950965824665677,
            "02_best_normalized": 0.2501238236750867,
            "02_best_standard": 0.2134720158494304,
            "03_best_normalized": 0.2501238236750867,
            "03_best_standard": 0.2134720158494304,
            "05_best_normalized": 0.2501238236750867,
            "05_best_standard": 0.2134720158494304,
            "10_best_normalized": 0.2501238236750867,
            "10_best_standard": 0.2134720158494304,
            "20_best_normalized": 0.2501238236750867,
            "20_best_standard": 0.2134720158494304
        },
        "f1": {
            "01_best_normalized": 0.5120415647150518,
            "01_best_standard": 0.4907409372101118,
            "02_best_normalized": 0.5288738233754844,
            "02_best_standard": 0.506999291928481,
            "03_best_normalized": 0.5297500232469896,
            "03_best_standard": 0.5078808775418591,
            "05_best_normalized": 0.5295407022724383,
            "05_best_standard": 0.5076018880136781,
            "10_best_normalized": 0.5295407022724383,
            "10_best_standard": 0.5076018880136781,
            "20_best_normalized": 0.5295407022724383,
            "20_best_standard": 0.5076018880136781
        },
        "metric_stats": {
            "count_of_bad_no_answer_predictions": 0,
            "count_of_bad_predictions": 1570,
            "count_of_good_no_answer_predictions": 0,
            "count_of_good_predictions": 392,
            "count_of_no_answer_actuals": 0,
            "count_of_no_answer_predictions": 0,
            "count_of_normal_actuals": 1962,
            "count_of_start_after_end_predictions": 74,
            "total_predictions": 1962
        },
        "precision": {
            "01_best_normalized": 0.7209635528013798,
            "01_best_standard": 0.6864319183569669,
            "02_best_normalized": 0.755131384721812,
            "02_best_standard": 0.7180529201510304,
            "03_best_normalized": 0.7568442788938443,
            "03_best_standard": 0.7199692389321339,
            "05_best_normalized": 0.7570093771272932,
            "05_best_standard": 0.7200563237146124,
            "10_best_normalized": 0.7570093771272932,
            "10_best_standard": 0.7200563237146124,
            "20_best_normalized": 0.7570093771272932,
            "20_best_standard": 0.7200563237146124
        },
        "recall": {
            "01_best_normalized": 0.4716982585519562,
            "01_best_standard": 0.45240030779342233,
            "02_best_normalized": 0.4851261991645272,
            "02_best_standard": 0.4654536049531879,
            "03_best_normalized": 0.4857688874243944,
            "03_best_standard": 0.46609479361454625,
            "05_best_normalized": 0.4855831519117644,
            "05_best_standard": 0.46584900827452463,
            "10_best_normalized": 0.4855831519117644,
            "10_best_standard": 0.46584900827452463,
            "20_best_normalized": 0.4855831519117644,
            "20_best_standard": 0.46584900827452463
        }
    },
    "training": {
        "attempted_epochs": 4,
        "best_epoch": 1,
        "gpu": "NVIDIA GeForce RTX 3070 Ti",
        "history": {
            "end_logits_accuracy": [
                0.725826621055603,
                0.7939053177833557,
                0.8448252081871033
            ],
            "end_logits_loss": [
                0.9512035846710205,
                0.6834911704063416,
                0.48538538813591003
            ],
            "loss": [
                2.008030414581299,
                1.4969350099563599,
                1.0492815971374512
            ],
            "start_logits_accuracy": [
                0.6904217004776001,
                0.7546690106391907,
                0.8123285174369812
            ],
            "start_logits_loss": [
                1.0568208694458008,
                0.8134466409683228,
                0.5638971924781799
            ],
            "val_end_logits_accuracy": [
                0.7299095392227173,
                0.7472059726715088,
                0.7446780204772949
            ],
            "val_end_logits_loss": [
                0.8930723667144775,
                0.9025459289550781,
                1.0109180212020874
            ],
            "val_loss": [
                1.9284709692001343,
                1.971909999847412,
                2.180020809173584
            ],