{
    "evaluation": {
        "accuracy": {
            "end_accuracy": 0.5331325301204819,
            "full_accuracy": 0.286144578313253,
            "start_accuracy": 0.463855421686747
        },
        "exact_match": {
            "01_best_normalized": 0.329153605015674,
            "01_best_standard": 0.26332288401253917,
            "02_best_normalized": 0.3385579937304075,
            "02_best_standard": 0.26959247648902823,
            "03_best_normalized": 0.3448275862068966,
            "03_best_standard": 0.2727272727272727,
            "05_best_normalized": 0.3448275862068966,
            "05_best_standard": 0.2727272727272727,
            "10_best_normalized": 0.3448275862068966,
            "10_best_standard": 0.2727272727272727,
            "20_best_normalized": 0.3448275862068966,
            "20_best_standard": 0.2727272727272727
        },
        "f1": {
            "01_best_normalized": 0.5822341124530169,
            "01_best_standard": 0.5639344366430138,
            "02_best_normalized": 0.6288300075075647,
            "02_best_standard": 0.6084645163877646,
            "03_best_normalized": 0.6624249443783718,
            "03_best_standard": 0.6410531455032004,
            "05_best_normalized": 0.6773636717050605,
            "05_best_standard": 0.656190843610421,
            "10_best_normalized": 0.6863090984497174,
            "10_best_standard": 0.6643414970444793,
            "20_best_normalized": 0.6854996250183951,
            "20_best_standard": 0.6636661345164967
        },
        "metric_stats": {
            "count_of_bad_no_answer_predictions": 1,
            "count_of_bad_predictions": 237,
            "count_of_good_no_answer_predictions": 13,
            "count_of_good_predictions": 95,
            "count_of_no_answer_actuals": 13,
            "count_of_no_answer_predictions": 14,
            "count_of_normal_actuals": 319,
            "count_of_start_after_end_predictions": 8,
            "total_predictions": 332
        },
        "precision": {
            "01_best_normalized": 0.6157319395172305,
            "01_best_standard": 0.598106006359425,
            "02_best_normalized": 0.687011234934457,
            "02_best_standard": 0.6669954619737004,
            "03_best_normalized": 0.7352839870865194,
            "03_best_standard": 0.7137619617574416,
            "05_best_normalized": 0.7606438227658278,
            "05_best_standard": 0.7391542695907656,
            "10_best_normalized": 0.7826324719350044,
            "10_best_standard": 0.7620700309820261,
            "20_best_normalized": 0.7812392291624513,
            "20_best_standard": 0.7641119747208844
        },
        "recall": {
            "01_best_normalized": 0.6241438539911718,
            "01_best_standard": 0.6008305303964238,
            "02_best_normalized": 0.6675387163323785,
            "02_best_standard": 0.642290986692213,
            "03_best_normalized": 0.6987040400195318,
            "03_best_standard": 0.672406799371922,
            "05_best_normalized": 0.7104057012907943,
            "05_best_standard": 0.6843321098703338,
            "10_best_normalized": 0.7170581620851729,
            "10_best_standard": 0.6903097299956773,
            "20_best_normalized": 0.7167231624518806,
            "20_best_standard": 0.690038889724837
        }
    },
    "squad_evaluation": {
        "accuracy": {
            "end_accuracy": 0.02401706231454006,
            "full_accuracy": 0.015949554896142432,
            "start_accuracy": 0.029859050445103858
        },
        "exact_match": {
            "01_best_normalized": 0.010122989593188268,
            "01_best_standard": 0.009176915799432356,
            "02_best_normalized": 0.05383159886471145,
            "02_best_standard": 0.046452223273415326,
            "03_best_normalized": 0.06263008514664144,
            "03_best_standard": 0.054493850520340587,
            "05_best_normalized": 0.06490066225165562,
            "05_best_standard": 0.056385998107852414,
            "10_best_normalized": 0.06499526963103122,
            "10_best_standard": 0.056480605487228004,
            "20_best_normalized": 0.06508987701040682,
            "20_best_standard": 0.056575212866603594
        },
        "f1": {
            "01_best_normalized": 0.02109722324738666,
            "01_best_standard": 0.02082562716684522,
            "02_best_normalized": 0.12141157719675058,
            "02_best_standard": 0.1171711939155409,
            "03_best_normalized": 0.14199744065285722,
            "03_best_standard": 0.13708075958377916,
            "05_best_normalized": 0.14754414891747553,
            "05_best_standard": 0.14206627701504945,
            "10_best_normalized": 0.1475236801570054,
            "10_best_standard": 0.14212058516679502,
            "20_best_normalized": 0.14763090185363106,
            "20_best_standard": 0.1422233017501171
        },
        "metric_stats": {
            "count_of_bad_no_answer_predictions": 7937,
            "count_of_bad_predictions": 10609,
            "count_of_good_no_answer_predictions": 77,
            "count_of_good_predictions": 175,
            "count_of_no_answer_predictions": 8014,
            "count_of_start_after_end_predictions": 364,
            "total_predictions": 10784
        },
        "precision": {
            "01_best_normalized": 0.019436177133131522,
            "01_best_standard": 0.019029860730027392,
            "02_best_normalized": 0.10943019634054009,
            "02_best_standard": 0.10573398968789594,
            "03_best_normalized": 0.12767098714830832,
            "03_best_standard": 0.12350827261367707,
            "05_best_normalized": 0.13293243853081144,
            "05_best_standard": 0.1282510609940552,
            "10_best_normalized": 0.13281964614776723,
            "10_best_standard": 0.12814557365793317,
            "20_best_normalized": 0.1329087347633459,
            "20_best_standard": 0.12823439947523582
        },
        "recall": {
            "01_best_normalized": 0.033746710402630845,
            "01_best_standard": 0.03349699033000877,
            "02_best_normalized": 0.19777147692052235,
            "02_best_standard": 0.19043105579893493,
            "03_best_normalized": 0.2323399355075395,
            "03_best_standard": 0.22363839971305166,
            "05_best_normalized": 0.24181847460212796,
            "05_best_standard": 0.23205360678601655,
            "10_best_normalized": 0.2417458303450551,
            "10_best_standard": 0.23227045806035426,
            "20_best_normalized": 0.24185057422936376,
            "20_best_standard": 0.23235312688947532
        }
    },
    "training": {
        "attempted_epochs": 4,
        "best_epoch": 3,
        "gpu": "NVIDIA GeForce RTX 3070 Ti",
        "history": {
            "end_logits_accuracy": [
                0.24080267548561096,
                0.4687848389148712,
                0.6064659953117371,
                0.6917502880096436
            ],
            "end_logits_loss": [
                3.233035087585449,
                1.8910290002822876,
                1.2889294624328613,
                0.9463809728622437
            ],
            "loss": [
                6.257674694061279,
                3.598177194595337,
                2.430485963821411,
                1.7550522089004517
            ],
            "start_logits_accuracy": [
                0.2541806101799011,
                0.5122631192207336,
                0.6410256624221802,
                0.7430323362350464
            ],
            "start_logits_loss": [
                3.024637222290039,
                1.7071484327316284,
                1.1415573358535767,
                0.8086717128753662
            ]
        },
        "training_time": 292.1717010000002
    }
}