{
    "accuracy": {
        "end_accuracy": 0.5331325301204819,
        "full_accuracy": 0.286144578313253,
        "start_accuracy": 0.463855421686747
    },
    "exact_match": {
        "01_best_normalized": 0.329153605015674,
        "01_best_standard": 0.26332288401253917,
        "02_best_normalized": 0.3385579937304075,
        "02_best_standard": 0.26959247648902823,
        "03_best_normalized": 0.3448275862068966,
        "03_best_standard": 0.2727272727272727,
        "05_best_normalized": 0.3448275862068966,
        "05_best_standard": 0.2727272727272727,
        "10_best_normalized": 0.3448275862068966,
        "10_best_standard": 0.2727272727272727,
        "20_best_normalized": 0.3448275862068966,
        "20_best_standard": 0.2727272727272727
    },
    "f1": {
        "01_best_normalized": 0.5822341124530169,
        "01_best_standard": 0.5639344366430138,
        "02_best_normalized": 0.6288300075075647,
        "02_best_standard": 0.6084645163877646,
        "03_best_normalized": 0.6624249443783718,
        "03_best_standard": 0.6410531455032004,
        "05_best_normalized": 0.6773636717050605,
        "05_best_standard": 0.656190843610421,
        "10_best_normalized": 0.6863090984497174,
        "10_best_standard": 0.6643414970444793,
        "20_best_normalized": 0.6854996250183951,
        "20_best_standard": 0.6636661345164967
    },
    "metric_stats": {
        "count_of_bad_no_answer_predictions": 1,
        "count_of_bad_predictions": 237,
        "count_of_good_no_answer_predictions": 13,
        "count_of_good_predictions": 95,
        "count_of_no_answer_actuals": 13,
        "count_of_no_answer_predictions": 14,
        "count_of_normal_actuals": 319,
        "count_of_start_after_end_predictions": 8,
        "total_predictions": 332
    },
    "precision": {
        "01_best_normalized": 0.6157319395172305,
        "01_best_standard": 0.598106006359425,
        "02_best_normalized": 0.687011234934457,
        "02_best_standard": 0.6669954619737004,
        "03_best_normalized": 0.7352839870865194,
        "03_best_standard": 0.7137619617574416,
        "05_best_normalized": 0.7606438227658278,
        "05_best_standard": 0.7391542695907656,
        "10_best_normalized": 0.7826324719350044,
        "10_best_standard": 0.7620700309820261,
        "20_best_normalized": 0.7812392291624513,
        "20_best_standard": 0.7641119747208844
    },
    "recall": {
        "01_best_normalized": 0.6241438539911718,
        "01_best_standard": 0.6008305303964238,
        "02_best_normalized": 0.6675387163323785,
        "02_best_standard": 0.642290986692213,
        "03_best_normalized": 0.6987040400195318,
        "03_best_standard": 0.672406799371922,
        "05_best_normalized": 0.7104057012907943,
        "05_best_standard": 0.6843321098703338,
        "10_best_normalized": 0.7170581620851729,
        "10_best_standard": 0.6903097299956773,
        "20_best_normalized": 0.7167231624518806,
        "20_best_standard": 0.690038889724837
    }
}