{
    "end_logits_accuracy": [
        0.24080267548561096,
        0.4687848389148712,
        0.6064659953117371,
        0.6917502880096436
    ],
    "end_logits_loss": [
        3.233035087585449,
        1.8910290002822876,
        1.2889294624328613,
        0.9463809728622437
    ],
    "loss": [
        6.257674694061279,
        3.598177194595337,
        2.430485963821411,
        1.7550522089004517
    ],
    "start_logits_accuracy": [
        0.2541806101799011,
        0.5122631192207336,
        0.6410256624221802,
        0.7430323362350464
    ],
    "start_logits_loss": [
        3.024637222290039,
        1.7071484327316284,
        1.1415573358535767,
        0.8086717128753662
    ]
}