{
    "accuracy": {
        "end_accuracy": 0.02401706231454006,
        "full_accuracy": 0.015949554896142432,
        "start_accuracy": 0.029859050445103858
    },
    "exact_match": {
        "01_best_normalized": 0.010122989593188268,
        "01_best_standard": 0.009176915799432356,
        "02_best_normalized": 0.05383159886471145,
        "02_best_standard": 0.046452223273415326,
        "03_best_normalized": 0.06263008514664144,
        "03_best_standard": 0.054493850520340587,
        "05_best_normalized": 0.06490066225165562,
        "05_best_standard": 0.056385998107852414,
        "10_best_normalized": 0.06499526963103122,
        "10_best_standard": 0.056480605487228004,
        "20_best_normalized": 0.06508987701040682,
        "20_best_standard": 0.056575212866603594
    },
    "f1": {
        "01_best_normalized": 0.02109722324738666,
        "01_best_standard": 0.02082562716684522,
        "02_best_normalized": 0.12141157719675058,
        "02_best_standard": 0.1171711939155409,
        "03_best_normalized": 0.14199744065285722,
        "03_best_standard": 0.13708075958377916,
        "05_best_normalized": 0.14754414891747553,
        "05_best_standard": 0.14206627701504945,
        "10_best_normalized": 0.1475236801570054,
        "10_best_standard": 0.14212058516679502,
        "20_best_normalized": 0.14763090185363106,
        "20_best_standard": 0.1422233017501171
    },
    "metric_stats": {
        "count_of_bad_no_answer_predictions": 7937,
        "count_of_bad_predictions": 10609,
        "count_of_good_no_answer_predictions": 77,
        "count_of_good_predictions": 175,
        "count_of_no_answer_predictions": 8014,
        "count_of_start_after_end_predictions": 364,
        "total_predictions": 10784
    },
    "precision": {
        "01_best_normalized": 0.019436177133131522,
        "01_best_standard": 0.019029860730027392,
        "02_best_normalized": 0.10943019634054009,
        "02_best_standard": 0.10573398968789594,
        "03_best_normalized": 0.12767098714830832,
        "03_best_standard": 0.12350827261367707,
        "05_best_normalized": 0.13293243853081144,
        "05_best_standard": 0.1282510609940552,
        "10_best_normalized": 0.13281964614776723,
        "10_best_standard": 0.12814557365793317,
        "20_best_normalized": 0.1329087347633459,
        "20_best_standard": 0.12823439947523582
    },
    "recall": {
        "01_best_normalized": 0.033746710402630845,
        "01_best_standard": 0.03349699033000877,
        "02_best_normalized": 0.19777147692052235,
        "02_best_standard": 0.19043105579893493,
        "03_best_normalized": 0.2323399355075395,
        "03_best_standard": 0.22363839971305166,
        "05_best_normalized": 0.24181847460212796,
        "05_best_standard": 0.23205360678601655,
        "10_best_normalized": 0.2417458303450551,
        "10_best_standard": 0.23227045806035426,
        "20_best_normalized": 0.24185057422936376,
        "20_best_standard": 0.23235312688947532
    }
}