{
    "end_logits_accuracy": [
        0.25534671545028687,
        0.4802333116531372,
        0.6351263523101807
    ],
    "end_logits_loss": [
        3.2920334339141846,
        1.892467737197876,
        1.202676773071289
    ],
    "loss": [
        6.471250534057617,
        3.552940607070923,
        2.160325288772583
    ],
    "start_logits_accuracy": [
        0.24497731029987335,
        0.5243033170700073,
        0.7044718265533447
    ],
    "start_logits_loss": [
        3.1792173385620117,
        1.6604732275009155,
        0.9576483368873596
    ],
    "val_end_logits_accuracy": [
        0.38769230246543884,
        0.4061538577079773,
        0.4092307686805725
    ],
    "val_end_logits_loss": [
        2.4544105529785156,
        2.569563865661621,
        2.614840030670166
    ],
    "val_loss": [
        4.796929836273193,
        4.967034816741943,
        5.280623435974121
    ],
    "val_start_logits_accuracy": [
        0.35692307353019714,
        0.3692307770252228,
        0.42461538314819336
    ],
    "val_start_logits_loss": [
        2.342519760131836,
        2.3974697589874268,
        2.6657826900482178
    ]
}