{
    "end_logits_accuracy": [
        0.668385922908783,
        0.7927643656730652,
        0.8599258065223694
    ],
    "end_logits_loss": [
        1.1910371780395508,
        0.6775972843170166,
        0.4343879520893097
    ],
    "loss": [
        2.480598211288452,
        1.4382981061935425,
        0.9306803941726685
    ],
    "start_logits_accuracy": [
        0.6323933005332947,
        0.7574520707130432,
        0.8311812281608582
    ],
    "start_logits_loss": [
        1.289562702178955,
        0.7606983184814453,
        0.4962970018386841
    ],
    "val_end_logits_accuracy": [
        0.728042721748352,
        0.7341673374176025,
        0.7383372187614441
    ],
    "val_end_logits_loss": [
        0.963697612285614,
        1.0359058380126953,
        1.1348708868026733
    ],
    "val_loss": [
        2.054476499557495,
        2.2320194244384766,
        2.4402596950531006
    ],
    "val_start_logits_accuracy": [
        0.6790461540222168,
        0.6841282248497009,
        0.6860828995704651
    ],
    "val_start_logits_loss": [
        1.0907785892486572,
        1.1961135864257812,
        1.3053895235061646
    ]
}