{
    "end_logits_accuracy": [
        0.6715357899665833,
        0.7802053093910217,
        0.8390653133392334
    ],
    "end_logits_loss": [
        1.1713515520095825,
        0.7208263874053955,
        0.5011988282203674
    ],
    "loss": [
        2.436326503753662,
        1.5303171873092651,
        1.0753536224365234
    ],
    "start_logits_accuracy": [
        0.6374856233596802,
        0.7470664978027344,
        0.8089011311531067
    ],
    "start_logits_loss": [
        1.264971375465393,
        0.8094942569732666,
        0.5741514563560486
    ],
    "val_end_logits_accuracy": [
        0.7245373725891113,
        0.7294634580612183,
        0.7286646366119385
    ],
    "val_end_logits_loss": [
        0.9591729044914246,
        1.0007601976394653,
        1.114172339439392
    ],
    "val_loss": [
        2.0555336475372314,
        2.113269805908203,
        2.363497495651245
    ],
    "val_start_logits_accuracy": [
        0.673012912273407,
        0.6833977103233337,
        0.6857941746711731
    ],
    "val_start_logits_loss": [
        1.096361756324768,
        1.1125085353851318,
        1.2493231296539307
    ]
}