{
    "accuracy": {
        "end_accuracy": 0.3155716502845318,
        "full_accuracy": 0.19968960165545785,
        "start_accuracy": 0.4164511122607346
    },
    "exact_match": {
        "01_best_normalized": 0.2367508667657256,
        "01_best_standard": 0.2050520059435364,
        "02_best_normalized": 0.2436849925705795,
        "02_best_standard": 0.20950965824665677,
        "03_best_normalized": 0.2441802872709262,
        "03_best_standard": 0.21000495294700347,
        "05_best_normalized": 0.2441802872709262,
        "05_best_standard": 0.21000495294700347,
        "10_best_normalized": 0.2441802872709262,
        "10_best_standard": 0.21000495294700347,
        "20_best_normalized": 0.2441802872709262,
        "20_best_standard": 0.21000495294700347
    },
    "f1": {
        "01_best_normalized": 0.4754078616577943,
        "01_best_standard": 0.457654628026299,
        "02_best_normalized": 0.4990811343786036,
        "02_best_standard": 0.4800181045928459,
        "03_best_normalized": 0.5003153736426139,
        "03_best_standard": 0.4810933826921195,
        "05_best_normalized": 0.4999963306801814,
        "05_best_standard": 0.4808153845234307,
        "10_best_normalized": 0.4999963306801814,
        "10_best_standard": 0.4808153845234307,
        "20_best_normalized": 0.4999963306801814,
        "20_best_standard": 0.4808153845234307
    },
    "precision": {
        "01_best_normalized": 0.6502805655892665,
        "01_best_standard": 0.6205088814600891,
        "02_best_normalized": 0.6935501978983181,
        "02_best_standard": 0.6617130176760633,
        "03_best_normalized": 0.6954933971691114,
        "03_best_standard": 0.6634984550112778,
        "05_best_normalized": 0.6947298178394102,
        "05_best_standard": 0.6627466684125372,
        "10_best_normalized": 0.6947298178394102,
        "10_best_standard": 0.6627466684125372,
        "20_best_normalized": 0.6947298178394102,
        "20_best_standard": 0.6627466684125372
    },
    "recall": {
        "01_best_normalized": 0.4478675998614288,
        "01_best_standard": 0.4315580783373717,
        "02_best_normalized": 0.46858480312622397,
        "02_best_standard": 0.45108937478659583,
        "03_best_normalized": 0.46953053964020475,
        "03_best_standard": 0.45198607426522364,
        "05_best_normalized": 0.4693164974735612,
        "05_best_standard": 0.4518049044337828,
        "10_best_normalized": 0.4693164974735612,
        "10_best_standard": 0.4518049044337828,
        "20_best_normalized": 0.4693164974735612,
        "20_best_standard": 0.4518049044337828
    }
}