{
    "evaluation": {
        "accuracy": {
            "end_accuracy": 0.4604105571847507,
            "full_accuracy": 0.23460410557184752,
            "start_accuracy": 0.39882697947214074
        },
        "exact_match": {
            "01_best_normalized": 0.2727272727272727,
            "01_best_standard": 0.20689655172413793,
            "02_best_normalized": 0.2884012539184953,
            "02_best_standard": 0.21316614420062696,
            "03_best_normalized": 0.29780564263322884,
            "03_best_standard": 0.219435736677116,
            "05_best_normalized": 0.2946708463949843,
            "05_best_standard": 0.219435736677116,
            "10_best_normalized": 0.2946708463949843,
            "10_best_standard": 0.219435736677116,
            "20_best_normalized": 0.2946708463949843,
            "20_best_standard": 0.219435736677116
        },
        "f1": {
            "01_best_normalized": 0.5121285774996893,
            "01_best_standard": 0.4888867989971073,
            "02_best_normalized": 0.6050944140923016,
            "02_best_standard": 0.5772327755893836,
            "03_best_normalized": 0.6141532990467051,
            "03_best_standard": 0.585760622350015,
            "05_best_normalized": 0.6151646337926479,
            "05_best_standard": 0.5873579482888475,
            "10_best_normalized": 0.615080833328348,
            "10_best_standard": 0.5872710866891939,
            "20_best_normalized": 0.615080833328348,
            "20_best_standard": 0.5870299485170213
        },
        "metric_stats": {
            "count_of_bad_no_answer_predictions": 1,
            "count_of_bad_predictions": 261,
            "count_of_good_no_answer_predictions": 21,
            "count_of_good_predictions": 80,
            "count_of_no_answer_actuals": 22,
            "count_of_no_answer_predictions": 22,
            "count_of_normal_actuals": 319,
            "count_of_start_after_end_predictions": 20,
            "total_predictions": 341
        },
        "precision": {
            "01_best_normalized": 0.5743101314607181,
            "01_best_standard": 0.5486272573183365,
            "02_best_normalized": 0.702182348804209,
            "02_best_standard": 0.671920189417661,
            "03_best_normalized": 0.719350142696141,
            "03_best_standard": 0.689363508898598,
            "05_best_normalized": 0.7233694471464798,
            "05_best_standard": 0.6937525163302019,
            "10_best_normalized": 0.7238570821168733,
            "10_best_standard": 0.6942227357659385,
            "20_best_normalized": 0.7238570821168733,
            "20_best_standard": 0.6937002697262311
        },
        "recall": {
            "01_best_normalized": 0.5441296995809276,
            "01_best_standard": 0.5222842647884388,
            "02_best_normalized": 0.6342194057799595,
            "02_best_standard": 0.6077739551658974,
            "03_best_normalized": 0.6401256832220886,
            "03_best_standard": 0.6127477813399785,
            "05_best_normalized": 0.6407516681740923,
            "05_best_standard": 0.6143335144474507,
            "10_best_normalized": 0.6401480824071671,
            "10_best_standard": 0.613730669017019,
            "20_best_normalized": 0.6401480824071671,
            "20_best_standard": 0.6135739292051068
        }
    },
    "squad_evaluation": {
        "accuracy": {
            "end_accuracy": 0.06523747920901866,
            "full_accuracy": 0.03853261873960451,
            "start_accuracy": 0.08205507299944557
        },
        "exact_match": {
            "01_best_normalized": 0.03405865657521287,
            "01_best_standard": 0.030179754020813625,
            "02_best_normalized": 0.09035004730368969,
            "02_best_standard": 0.07767265846736045,
            "03_best_normalized": 0.10264900662251655,
            "03_best_standard": 0.08637653736991485,
            "05_best_normalized": 0.10737937559129612,
            "05_best_standard": 0.09035004730368969,
            "10_best_normalized": 0.10851466414380322,
            "10_best_standard": 0.09148533585619678,
            "20_best_normalized": 0.10851466414380322,
            "20_best_standard": 0.09148533585619678
        },
        "f1": {
            "01_best_normalized": 0.056259400706042205,
            "01_best_standard": 0.054372060823719925,
            "02_best_normalized": 0.17109032508131344,
            "02_best_standard": 0.1625166293702432,
            "03_best_normalized": 0.1992195692063667,
            "03_best_standard": 0.18810939743244906,
            "05_best_normalized": 0.21242197580932182,
            "05_best_standard": 0.20070113448326043,
            "10_best_normalized": 0.2147479281368098,
            "10_best_standard": 0.20302013810965505,
            "20_best_normalized": 0.21445881841834677,
            "20_best_standard": 0.20279890865438654
        },
        "metric_stats": {
            "count_of_bad_no_answer_predictions": 6571,
            "count_of_bad_predictions": 10391,
            "count_of_good_no_answer_predictions": 102,
            "count_of_good_predictions": 431,
            "count_of_no_answer_predictions": 6673,
            "count_of_start_after_end_predictions": 1063,
            "total_predictions": 10822
        },
        "precision": {
            "01_best_normalized": 0.05237910054961687,
            "01_best_standard": 0.050621757221097484,
            "02_best_normalized": 0.1570008487705561,
            "02_best_standard": 0.1493899603363897,
            "03_best_normalized": 0.18208791781048403,
            "03_best_standard": 0.17208451120449936,
            "05_best_normalized": 0.194163448980561,
            "05_best_standard": 0.1836930947295069,
            "10_best_normalized": 0.1960428927879084,
            "10_best_standard": 0.18561945365430885,
            "20_best_normalized": 0.19582376796543888,
            "20_best_standard": 0.185470152770843
        },
        "recall": {
            "01_best_normalized": 0.07937311073652614,
            "01_best_standard": 0.07670893782376778,
            "02_best_normalized": 0.255105052779111,
            "02_best_standard": 0.2416482566954929,
            "03_best_normalized": 0.30274229756231047,
            "03_best_standard": 0.2848399833273591,
            "05_best_normalized": 0.32563741642683647,
            "05_best_standard": 0.30667258268391523,
            "10_best_normalized": 0.3290750951152246,
            "10_best_standard": 0.31005203304539,
            "20_best_normalized": 0.32863839946566237,
            "20_best_standard": 0.3096767571072002
        }
    },
    "training": {
        "attempted_epochs": 4,
        "best_epoch": 1,
        "gpu": "NVIDIA GeForce RTX 3070 Ti",
        "history": {
            "end_logits_accuracy": [
                0.2767665982246399,
                0.5165953040122986,
                0.7103854417800903,
                0.8549250364303589
            ],
            "end_logits_loss": [
                3.020416021347046,
                1.6809428930282593,
                0.8879114985466003,
                0.4271124005317688
            ],
            "loss": [
                5.801741123199463,
                3.1970479488372803,
                1.6214584112167358,
                0.7589612007141113
            ],
            "start_logits_accuracy": [
                0.2971092164516449,
                0.5519272089004517,
                0.7644539475440979,
                0.8923982977867126
            ],
            "start_logits_loss": [
                2.7813262939453125,
                1.5161055326461792,
                0.7335469722747803,
                0.33184871077537537
            ]
        },
        "training_time": 294.4671252999999
    }
}