{
    "accuracy": {
        "end_accuracy": 0.4604105571847507,
        "full_accuracy": 0.23460410557184752,
        "start_accuracy": 0.39882697947214074
    },
    "exact_match": {
        "01_best_normalized": 0.2727272727272727,
        "01_best_standard": 0.20689655172413793,
        "02_best_normalized": 0.2884012539184953,
        "02_best_standard": 0.21316614420062696,
        "03_best_normalized": 0.29780564263322884,
        "03_best_standard": 0.219435736677116,
        "05_best_normalized": 0.2946708463949843,
        "05_best_standard": 0.219435736677116,
        "10_best_normalized": 0.2946708463949843,
        "10_best_standard": 0.219435736677116,
        "20_best_normalized": 0.2946708463949843,
        "20_best_standard": 0.219435736677116
    },
    "f1": {
        "01_best_normalized": 0.5121285774996893,
        "01_best_standard": 0.4888867989971073,
        "02_best_normalized": 0.6050944140923016,
        "02_best_standard": 0.5772327755893836,
        "03_best_normalized": 0.6141532990467051,
        "03_best_standard": 0.585760622350015,
        "05_best_normalized": 0.6151646337926479,
        "05_best_standard": 0.5873579482888475,
        "10_best_normalized": 0.615080833328348,
        "10_best_standard": 0.5872710866891939,
        "20_best_normalized": 0.615080833328348,
        "20_best_standard": 0.5870299485170213
    },
    "metric_stats": {
        "count_of_bad_no_answer_predictions": 1,
        "count_of_bad_predictions": 261,
        "count_of_good_no_answer_predictions": 21,
        "count_of_good_predictions": 80,
        "count_of_no_answer_actuals": 22,
        "count_of_no_answer_predictions": 22,
        "count_of_normal_actuals": 319,
        "count_of_start_after_end_predictions": 20,
        "total_predictions": 341
    },
    "precision": {
        "01_best_normalized": 0.5743101314607181,
        "01_best_standard": 0.5486272573183365,
        "02_best_normalized": 0.702182348804209,
        "02_best_standard": 0.671920189417661,
        "03_best_normalized": 0.719350142696141,
        "03_best_standard": 0.689363508898598,
        "05_best_normalized": 0.7233694471464798,
        "05_best_standard": 0.6937525163302019,
        "10_best_normalized": 0.7238570821168733,
        "10_best_standard": 0.6942227357659385,
        "20_best_normalized": 0.7238570821168733,
        "20_best_standard": 0.6937002697262311
    },
    "recall": {
        "01_best_normalized": 0.5441296995809276,
        "01_best_standard": 0.5222842647884388,
        "02_best_normalized": 0.6342194057799595,
        "02_best_standard": 0.6077739551658974,
        "03_best_normalized": 0.6401256832220886,
        "03_best_standard": 0.6127477813399785,
        "05_best_normalized": 0.6407516681740923,
        "05_best_standard": 0.6143335144474507,
        "10_best_normalized": 0.6401480824071671,
        "10_best_standard": 0.613730669017019,
        "20_best_normalized": 0.6401480824071671,
        "20_best_standard": 0.6135739292051068
    }
}