{
    "accuracy": {
        "end_accuracy": 0.4897360703812317,
        "full_accuracy": 0.24926686217008798,
        "start_accuracy": 0.4252199413489736
    },
    "exact_match": {
        "01_best_normalized": 0.2413793103448276,
        "01_best_standard": 0.20376175548589343,
        "02_best_normalized": 0.26332288401253917,
        "02_best_standard": 0.22570532915360503,
        "03_best_normalized": 0.2601880877742947,
        "03_best_standard": 0.2225705329153605,
        "05_best_normalized": 0.2601880877742947,
        "05_best_standard": 0.2225705329153605,
        "10_best_normalized": 0.2601880877742947,
        "10_best_standard": 0.2225705329153605,
        "20_best_normalized": 0.2601880877742947,
        "20_best_standard": 0.2225705329153605
    },
    "f1": {
        "01_best_normalized": 0.4780181484192408,
        "01_best_standard": 0.4632412433333083,
        "02_best_normalized": 0.572114730244449,
        "02_best_standard": 0.556182898993376,
        "03_best_normalized": 0.606836714758471,
        "03_best_standard": 0.5897083136556223,
        "05_best_normalized": 0.6295815969403418,
        "05_best_standard": 0.6127512180252117,
        "10_best_normalized": 0.6365631963939123,
        "10_best_standard": 0.6194050655073976,
        "20_best_normalized": 0.6382306972500542,
        "20_best_standard": 0.6212136017986924
    },
    "metric_stats": {
        "count_of_bad_no_answer_predictions": 1,
        "count_of_bad_predictions": 256,
        "count_of_good_no_answer_predictions": 21,
        "count_of_good_predictions": 85,
        "count_of_no_answer_actuals": 22,
        "count_of_no_answer_predictions": 22,
        "count_of_normal_actuals": 319,
        "count_of_start_after_end_predictions": 17,
        "total_predictions": 341
    },
    "precision": {
        "01_best_normalized": 0.4962327795735939,
        "01_best_standard": 0.4818867931107689,
        "02_best_normalized": 0.6087301926954007,
        "02_best_standard": 0.5923696423202774,
        "03_best_normalized": 0.6688819792578459,
        "03_best_standard": 0.6515461589419352,
        "05_best_normalized": 0.7059951055951101,
        "05_best_standard": 0.6881239433391924,
        "10_best_normalized": 0.7216690867863327,
        "10_best_standard": 0.7026626411809757,
        "20_best_normalized": 0.7279386792628217,
        "20_best_standard": 0.7090972229331617
    },
    "recall": {
        "01_best_normalized": 0.539320110679111,
        "01_best_standard": 0.5210124509415348,
        "02_best_normalized": 0.6458720316770095,
        "02_best_standard": 0.6260294460197813,
        "03_best_normalized": 0.6728190965535079,
        "03_best_standard": 0.651890146410451,
        "05_best_normalized": 0.6907137678485188,
        "05_best_standard": 0.6701562786424489,
        "10_best_normalized": 0.6954215779795148,
        "10_best_standard": 0.6746722537114651,
        "20_best_normalized": 0.696430227695061,
        "20_best_standard": 0.6758004631103021
    }
}