{
    "accuracy": {
        "end_accuracy": 0.06523747920901866,
        "full_accuracy": 0.03853261873960451,
        "start_accuracy": 0.08205507299944557
    },
    "exact_match": {
        "01_best_normalized": 0.03405865657521287,
        "01_best_standard": 0.030179754020813625,
        "02_best_normalized": 0.09035004730368969,
        "02_best_standard": 0.07767265846736045,
        "03_best_normalized": 0.10264900662251655,
        "03_best_standard": 0.08637653736991485,
        "05_best_normalized": 0.10737937559129612,
        "05_best_standard": 0.09035004730368969,
        "10_best_normalized": 0.10851466414380322,
        "10_best_standard": 0.09148533585619678,
        "20_best_normalized": 0.10851466414380322,
        "20_best_standard": 0.09148533585619678
    },
    "f1": {
        "01_best_normalized": 0.056259400706042205,
        "01_best_standard": 0.054372060823719925,
        "02_best_normalized": 0.17109032508131344,
        "02_best_standard": 0.1625166293702432,
        "03_best_normalized": 0.1992195692063667,
        "03_best_standard": 0.18810939743244906,
        "05_best_normalized": 0.21242197580932182,
        "05_best_standard": 0.20070113448326043,
        "10_best_normalized": 0.2147479281368098,
        "10_best_standard": 0.20302013810965505,
        "20_best_normalized": 0.21445881841834677,
        "20_best_standard": 0.20279890865438654
    },
    "metric_stats": {
        "count_of_bad_no_answer_predictions": 6571,
        "count_of_bad_predictions": 10391,
        "count_of_good_no_answer_predictions": 102,
        "count_of_good_predictions": 431,
        "count_of_no_answer_predictions": 6673,
        "count_of_start_after_end_predictions": 1063,
        "total_predictions": 10822
    },
    "precision": {
        "01_best_normalized": 0.05237910054961687,
        "01_best_standard": 0.050621757221097484,
        "02_best_normalized": 0.1570008487705561,
        "02_best_standard": 0.1493899603363897,
        "03_best_normalized": 0.18208791781048403,
        "03_best_standard": 0.17208451120449936,
        "05_best_normalized": 0.194163448980561,
        "05_best_standard": 0.1836930947295069,
        "10_best_normalized": 0.1960428927879084,
        "10_best_standard": 0.18561945365430885,
        "20_best_normalized": 0.19582376796543888,
        "20_best_standard": 0.185470152770843
    },
    "recall": {
        "01_best_normalized": 0.07937311073652614,
        "01_best_standard": 0.07670893782376778,
        "02_best_normalized": 0.255105052779111,
        "02_best_standard": 0.2416482566954929,
        "03_best_normalized": 0.30274229756231047,
        "03_best_standard": 0.2848399833273591,
        "05_best_normalized": 0.32563741642683647,
        "05_best_standard": 0.30667258268391523,
        "10_best_normalized": 0.3290750951152246,
        "10_best_standard": 0.31005203304539,
        "20_best_normalized": 0.32863839946566237,
        "20_best_standard": 0.3096767571072002
    }
}