{
    "evaluation": {
        "accuracy": {
            "end_accuracy": 0.8486429054380373,
            "full_accuracy": 0.7514730029943012,
            "start_accuracy": 0.8306770984255771
        },
        "exact_match": {
            "01_best_normalized": 0.7688741721854304,
            "01_best_standard": 0.7383159886471145,
            "02_best_normalized": 0.7793755912961211,
            "02_best_standard": 0.7479659413434248,
            "03_best_normalized": 0.7800378429517503,
            "03_best_standard": 0.7485335856196783,
            "05_best_normalized": 0.779848628192999,
            "05_best_standard": 0.7484389782403027,
            "10_best_normalized": 0.779848628192999,
            "10_best_standard": 0.7484389782403027,
            "20_best_normalized": 0.779848628192999,
            "20_best_standard": 0.7484389782403027
        },
        "f1": {
            "01_best_normalized": 0.8418625125890506,
            "01_best_standard": 0.8324111556600509,
            "02_best_normalized": 0.8560193740852992,
            "02_best_standard": 0.8463007538597633,
            "03_best_normalized": 0.8568730681154362,
            "03_best_standard": 0.8471902652427817,
            "05_best_normalized": 0.8567010546983896,
            "05_best_standard": 0.8470336463038154,
            "10_best_normalized": 0.8567010546983896,
            "10_best_standard": 0.8470218203813935,
            "20_best_normalized": 0.8567010546983896,
            "20_best_standard": 0.8470218203813935
        },
        "precision": {
            "01_best_normalized": 0.8517353171761343,
            "01_best_standard": 0.8438244699945187,
            "02_best_normalized": 0.86654695622994,
            "02_best_standard": 0.8582987462689565,
            "03_best_normalized": 0.8674746304688726,
            "03_best_standard": 0.8592496309708187,
            "05_best_normalized": 0.8673169515032465,
            "05_best_standard": 0.8591132850417186,
            "10_best_normalized": 0.8673169515032465,
            "10_best_standard": 0.8590817492485933,
            "20_best_normalized": 0.8673169515032465,
            "20_best_standard": 0.8590817492485933
        },
        "recall": {
            "01_best_normalized": 0.8630540637357206,
            "01_best_standard": 0.8551586920793686,
            "02_best_normalized": 0.8781795152863496,
            "02_best_standard": 0.8700755972804166,
            "03_best_normalized": 0.8791161283421681,
            "03_best_standard": 0.871110787039798,
            "05_best_normalized": 0.8789387395058389,
            "05_best_standard": 0.8709404937569221,
            "10_best_normalized": 0.8789387395058389,
            "10_best_standard": 0.8709332162662008,
            "20_best_normalized": 0.8789387395058389,
            "20_best_standard": 0.8709332162662008
        }
    },
    "medical_evaluation": {
        "accuracy": {
            "end_accuracy": 0.3316088980858769,
            "full_accuracy": 0.21520951888256595,
            "start_accuracy": 0.4340403517847905
        },
        "exact_match": {
            "01_best_normalized": 0.25606736007924713,
            "01_best_standard": 0.2199108469539376,
            "02_best_normalized": 0.2605250123823675,
            "02_best_standard": 0.22436849925705796,
            "03_best_normalized": 0.26102030708271423,
            "03_best_standard": 0.22436849925705796,
            "05_best_normalized": 0.26102030708271423,
            "05_best_standard": 0.22436849925705796,
            "10_best_normalized": 0.26151560178306094,
            "10_best_standard": 0.22486379395740466,
            "20_best_normalized": 0.26151560178306094,
            "20_best_standard": 0.22486379395740466
        },
        "f1": {
            "01_best_normalized": 0.5030309736270236,
            "01_best_standard": 0.48390916978913817,
            "02_best_normalized": 0.5216686709706448,
            "02_best_standard": 0.502015798300298,
            "03_best_normalized": 0.5240644739243988,
            "03_best_standard": 0.5040168862433551,
            "05_best_normalized": 0.5233001961749363,
            "05_best_standard": 0.5032940219947871,
            "10_best_normalized": 0.5236322502688614,
            "10_best_standard": 0.5037183816316282,
            "20_best_normalized": 0.5236322502688614,
            "20_best_standard": 0.5037183816316282
        },
        "precision": {
            "01_best_normalized": 0.6916590566799424,
            "01_best_standard": 0.660938807491014,
            "02_best_normalized": 0.7223804656012275,
            "02_best_standard": 0.6906304831885062,
            "03_best_normalized": 0.726731197143638,
            "03_best_standard": 0.6941963816838252,
            "05_best_normalized": 0.7258685588738677,
            "05_best_standard": 0.693410414033073,
            "10_best_normalized": 0.7265949911010428,
            "10_best_standard": 0.6940708069668686,
            "20_best_normalized": 0.7265949911010428,
            "20_best_standard": 0.6940708069668686
        },
        "recall": {
            "01_best_normalized": 0.4688528779044289,
            "01_best_standard": 0.4515446586795661,
            "02_best_normalized": 0.4851763537451449,
            "02_best_standard": 0.4675151740908834,
            "03_best_normalized": 0.4870559103421304,
            "03_best_standard": 0.4690596468163734,
            "05_best_normalized": 0.48631475728175616,
            "05_best_standard": 0.4683437436995943,
            "10_best_normalized": 0.4866366988369816,
            "10_best_standard": 0.46875902925603885,
            "20_best_normalized": 0.4866366988369816,
            "20_best_standard": 0.46875902925603885
        }
    },
    "training": {
        "attempted_epochs": 4,
        "best_epoch": 1,
        "gpu": "NVIDIA GeForce RTX 3070 Ti",
        "history": {
            "end_logits_accuracy": [
                0.6740421056747437,
                0.7920532822608948,
                0.858267605304718
            ],
            "end_logits_loss": [
                1.1534849405288696,
                0.6796934008598328,
                0.4391137659549713
            ],
            "loss": [
                2.406688928604126,
                1.4426862001419067,
                0.9449589848518372
            ],
            "start_logits_accuracy": [
                0.6394349336624146,
                0.7583194971084595,
                0.8269389271736145
            ],
            "start_logits_loss": [
                1.2532052993774414,
                0.762986958026886,
                0.5058444142341614
            ],
            "val_end_logits_accuracy": [
                0.7363866567611694,
                0.735188364982605,
                0.7363866567611694
            ],
            "val_end_logits_loss": [
                0.8982561826705933,
                0.9449002146720886,
                1.1081690788269043
            ],
            "val_loss": [
                1.9184517860412598,
                2.032156467437744,
                2.3408656120300293
            ],
            "val_start_logits_accuracy": [
                0.6860604286193848,
                0.6913859844207764,
                0.6909865736961365
            ],
            "val_start_logits_loss": [
                1.0201951265335083,
                1.0872581005096436,
                1.2326966524124146
            ]
        },
        "training_time": 9142.434817700007
    }
}