{
    "end_logits_accuracy": [
        0.6740421056747437,
        0.7920532822608948,
        0.858267605304718
    ],
    "end_logits_loss": [
        1.1534849405288696,
        0.6796934008598328,
        0.4391137659549713
    ],
    "loss": [
        2.406688928604126,
        1.4426862001419067,
        0.9449589848518372
    ],
    "start_logits_accuracy": [
        0.6394349336624146,
        0.7583194971084595,
        0.8269389271736145
    ],
    "start_logits_loss": [
        1.2532052993774414,
        0.762986958026886,
        0.5058444142341614
    ],
    "val_end_logits_accuracy": [
        0.7363866567611694,
        0.735188364982605,
        0.7363866567611694
    ],
    "val_end_logits_loss": [
        0.8982561826705933,
        0.9449002146720886,
        1.1081690788269043
    ],
    "val_loss": [
        1.9184517860412598,
        2.032156467437744,
        2.3408656120300293
    ],
    "val_start_logits_accuracy": [
        0.6860604286193848,
        0.6913859844207764,
        0.6909865736961365
    ],
    "val_start_logits_loss": [
        1.0201951265335083,
        1.0872581005096436,
        1.2326966524124146
    ]
}