{
    "test_set": {
        "bleu": {
            "bleu": 0.08992140768196676,
            "brevity_penalty": 0.6186548638862195,
            "length_ratio": 0.6755808513956026,
            "precisions": [
                0.4218118869013272,
                0.1675527630095054,
                0.09624242424242424,
                0.06561780506523407
            ],
            "reference_length": 12826,
            "translation_length": 8665
        },
        "closed_questions": {
            "closed_questions_number": 135,
            "correct_answers_number": 103,
            "long_answers_for_closed_questions_number": 0,
            "wrong_answers_number": 32
        },
        "loss": 2.634316921234131,
        "meteor": {
            "meteor": 0.23680526392911075
        },
        "rogue": {
            "rouge1": 0.3580798443971007,
            "rouge2": 0.11278980429253019,
            "rougeL": 0.34719495373793663,
            "rougeLsum": 0.347271181369354
        }
    },
    "training": {
        "attempted_epochs": 5,
        "best_epoch": 5,
        "gpu": "NVIDIA GeForce RTX 4070",
        "metrics": {
            "loss": [
                2.744809150695801,
                2.142016887664795,
                1.79937744140625,
                1.5509334802627563,
                1.385635256767273
            ]
        },
        "training_time": 4694.4615072
    }
}