question_type,bleu,bleu1,bleu2,rouge1,rouge2,rougeL,meteor
closed,0.0,0.7777777777777778,0.0,0.7777777777777778,0.0,0.7777777777777778,0.3888888888888889
for_whats,0.004581928525273149,0.3422914862914863,0.1295238095238095,0.26865826885846855,0.09908494780705734,0.2644562486564484,0.17406845970220636
hows,0.006904103337859234,0.17892015392015392,0.047895622895622894,0.15106845026631124,0.03860138178319997,0.15106845026631124,0.10213793199259884
others,0.0,0.4243295019157088,0.14310344827586208,0.36941882477272675,0.133223864258347,0.36252227304858886,0.27344570601555956
whats,0.02358591089020343,0.43469220152893623,0.15042366777060653,0.3489347132789401,0.12585921752310553,0.3365061801225368,0.24047025293333035
whens,0.0,0.26733821733821733,0.10736208236208238,0.23599666003512154,0.0966538185161667,0.23599666003512154,0.15843234843009438
wheres,0.012600696441899763,0.4290983606557377,0.16748633879781422,0.38920287362910316,0.14078903792018546,0.38756352936680805,0.27646784379048606
