{
    "end_logits_accuracy": [
        0.21449066698551178,
        0.430416077375412,
        0.5667144656181335,
        0.6736011505126953
    ],
    "end_logits_loss": [
        3.5155205726623535,
        2.186081647872925,
        1.539185643196106,
        1.051413893699646
    ],
    "loss": [
        6.622069835662842,
        3.886564254760742,
        2.6397125720977783,
        1.8464833498001099
    ],
    "start_logits_accuracy": [
        0.24533715844154358,
        0.5093256831169128,
        0.6542324423789978,
        0.769010066986084
    ],
    "start_logits_loss": [
        3.1065514087677,
        1.7004824876785278,
        1.1005257368087769,
        0.795069694519043
    ],
    "val_end_logits_accuracy": [
        0.34448161721229553,
        0.40133780241012573,
        0.3913043439388275,
        0.41137123107910156
    ],
    "val_end_logits_loss": [
        2.6509389877319336,
        2.4460113048553467,
        2.5678319931030273,
        2.4167685508728027
    ],
    "val_loss": [
        5.115418910980225,
        4.926872730255127,
        5.108725547790527,
        5.044853687286377
    ],
    "val_start_logits_accuracy": [
        0.3110367953777313,
        0.36120402812957764,
        0.37792640924453735,
        0.38795986771583557
    ],
    "val_start_logits_loss": [
        2.4644792079925537,
        2.480860710144043,
        2.540893077850342,
        2.628084897994995
    ]
}