{
    "evaluation": {
        "accuracy": {
            "end_accuracy": 0.8189896648314499,
            "full_accuracy": 0.7316719791364822,
            "start_accuracy": 0.8252680382497827
        },
        "exact_match": {
            "01_best_normalized": 0.7412488174077578,
            "01_best_standard": 0.7186376537369915,
            "02_best_normalized": 0.7549668874172185,
            "02_best_standard": 0.7318826868495742,
            "03_best_normalized": 0.7549668874172185,
            "03_best_standard": 0.7318826868495742,
            "05_best_normalized": 0.7550614947965941,
            "05_best_standard": 0.7319772942289499,
            "10_best_normalized": 0.7550614947965941,
            "10_best_standard": 0.7319772942289499,
            "20_best_normalized": 0.7550614947965941,
            "20_best_standard": 0.7319772942289499
        },
        "f1": {
            "01_best_normalized": 0.8203338902972779,
            "01_best_standard": 0.8118620678951636,
            "02_best_normalized": 0.8379637552766308,
            "02_best_standard": 0.8293022757291719,
            "03_best_normalized": 0.8378713651196852,
            "03_best_standard": 0.8292480300694391,
            "05_best_normalized": 0.8381075527730915,
            "05_best_standard": 0.8294762364521044,
            "10_best_normalized": 0.8381075527730915,
            "10_best_standard": 0.8294762364521044,
            "20_best_normalized": 0.8381075527730915,
            "20_best_standard": 0.8294762364521044
        },
        "metric_stats": {
            "count_of_bad_no_answer_predictions": 0,
            "count_of_bad_predictions": 2629,
            "count_of_good_no_answer_predictions": 0,
            "count_of_good_predictions": 7724,
            "count_of_no_answer_predictions": 0,
            "count_of_start_after_end_predictions": 289,
            "total_predictions": 10353
        },
        "precision": {
            "01_best_normalized": 0.8490372928330419,
            "01_best_standard": 0.8438156183727207,
            "02_best_normalized": 0.8677861129352453,
            "02_best_standard": 0.8623717772226712,
            "03_best_normalized": 0.8677259696726423,
            "03_best_standard": 0.862348899941167,
            "05_best_normalized": 0.8679802270047142,
            "05_best_standard": 0.862586036738491,
            "10_best_normalized": 0.8679802270047142,
            "10_best_standard": 0.862586036738491,
            "20_best_normalized": 0.8679802270047142,
            "20_best_standard": 0.862586036738491
        },
        "recall": {
            "01_best_normalized": 0.8244990811363916,
            "01_best_standard": 0.8155549691371169,
            "02_best_normalized": 0.8429118607498497,
            "02_best_standard": 0.8337462086765115,
            "03_best_normalized": 0.8426753423014107,
            "03_best_standard": 0.8335312396867083,
            "05_best_normalized": 0.842917425889813,
            "05_best_standard": 0.8337722632484508,
            "10_best_normalized": 0.842917425889813,
            "10_best_standard": 0.8337722632484508,
            "20_best_normalized": 0.842917425889813,
            "20_best_standard": 0.8337722632484508
        }
    },
    "medical_evaluation": {
        "accuracy": {
            "end_accuracy": 0.27987584066218313,
            "full_accuracy": 0.17796171753750648,
            "start_accuracy": 0.38230729436109673
        },
        "exact_match": {
            "01_best_normalized": 0.2065378900445765,
            "01_best_standard": 0.1802872709262011,
            "02_best_normalized": 0.21099554234769688,
            "02_best_standard": 0.18325903912828131,
            "03_best_normalized": 0.21099554234769688,
            "03_best_standard": 0.18325903912828131,
            "05_best_normalized": 0.21099554234769688,
            "05_best_standard": 0.18325903912828131,
            "10_best_normalized": 0.21099554234769688,
            "10_best_standard": 0.18325903912828131,
            "20_best_normalized": 0.21099554234769688,
            "20_best_standard": 0.18325903912828131
        },
        "f1": {
            "01_best_normalized": 0.43052815584412507,
            "01_best_standard": 0.41206448048565086,
            "02_best_normalized": 0.4465344634019621,
            "02_best_standard": 0.4268974160259164,
            "03_best_normalized": 0.447934003276393,
            "03_best_standard": 0.42833683430443475,
            "05_best_normalized": 0.4480883785353937,
            "05_best_standard": 0.4285299347064203,
            "10_best_normalized": 0.4480883785353937,
            "10_best_standard": 0.4285299347064203,
            "20_best_normalized": 0.4480883785353937,
            "20_best_standard": 0.4285299347064203
        },
        "metric_stats": {
            "count_of_bad_no_answer_predictions": 0,
            "count_of_bad_predictions": 1589,
            "count_of_good_no_answer_predictions": 0,
            "count_of_good_predictions": 344,
            "count_of_no_answer_actuals": 0,
            "count_of_no_answer_predictions": 0,
            "count_of_normal_actuals": 1933,
            "count_of_start_after_end_predictions": 96,
            "total_predictions": 1933
        },
        "precision": {
            "01_best_normalized": 0.6500583021833354,
            "01_best_standard": 0.6218671645475187,
            "02_best_normalized": 0.6813510896611155,
            "02_best_standard": 0.6516633210516948,
            "03_best_normalized": 0.6845057359064007,
            "03_best_standard": 0.6547360168881349,
            "05_best_normalized": 0.6857769923039573,
            "05_best_standard": 0.6557381631651696,
            "10_best_normalized": 0.6857769923039573,
            "10_best_standard": 0.6557381631651696,
            "20_best_normalized": 0.6857769923039573,
            "20_best_standard": 0.6557381631651696
        },
        "recall": {
            "01_best_normalized": 0.38863610245250246,
            "01_best_standard": 0.37140459571921436,
            "02_best_normalized": 0.4025354519810873,
            "02_best_standard": 0.38415169311134345,
            "03_best_normalized": 0.4033929030943374,
            "03_best_standard": 0.3851063318419654,
            "05_best_normalized": 0.40340225443078204,
            "05_best_standard": 0.3851665805756151,
            "10_best_normalized": 0.40340225443078204,
            "10_best_standard": 0.3851665805756151,
            "20_best_normalized": 0.40340225443078204,
            "20_best_standard": 0.3851665805756151
        }
    },
    "training": {
        "attempted_epochs": 4,
        "best_epoch": 1,
        "gpu": "NVIDIA GeForce RTX 3070 Ti",
        "history": {
            "end_logits_accuracy": [
                0.6770737171173096,
                0.7932310104370117,
                0.857545793056488,
                0.89769047498703
            ],
            "end_logits_loss": [
                1.1386967897415161,
                0.67200767993927,
                0.44157686829566956,
                0.3082359731197357
            ],
            "loss": [
                2.3805246353149414,
                1.4320050477981567,
                0.9482851624488831,
                0.6649482846260071
            ],
            "start_logits_accuracy": [
                0.642327070236206,
                0.7564499974250793,
                0.8269257545471191,
                0.8742139935493469
            ],
            "start_logits_loss": [
                1.2418289184570312,
                0.759999692440033,
                0.506703794002533,
                0.3567104935646057
            ]
        },
        "training_time": 12973.9616713
    }
}