{
    "test_set": {
        "bleu": {
            "bleu": 0.07657378760327928,
            "brevity_penalty": 0.5826344811300292,
            "length_ratio": 0.6492683308553094,
            "precisions": [
                0.42364710136193806,
                0.16110826064648537,
                0.08638049814520403,
                0.05060553633217993
            ],
            "reference_length": 12779,
            "translation_length": 8297
        },
        "closed_questions": {
            "closed_questions_number": 135,
            "correct_answers_number": 101,
            "long_answers_for_closed_questions_number": 0,
            "wrong_answers_number": 34
        },
        "loss": 2.567275047302246,
        "meteor": {
            "meteor": 0.2283746575220056
        },
        "rogue": {
            "rouge1": 0.35201811488792345,
            "rouge2": 0.106126758904767,
            "rougeL": 0.342137391892804,
            "rougeLsum": 0.34200654936797026
        }
    },
    "training": {
        "attempted_epochs": 3,
        "best_epoch": 3,
        "gpu": "NVIDIA GeForce RTX 4070",
        "metrics": {
            "loss": [
                2.767595052719116,
                2.1803524494171143,
                1.8757147789001465
            ]
        },
        "training_time": 2856.455812700093
    }
}