{
    "accuracy": {
        "end_accuracy": 0.820930008664677,
        "full_accuracy": 0.732646577452585,
        "start_accuracy": 0.8215076537980167
    },
    "exact_match": {
        "01_best_normalized": 0.7451277199621571,
        "01_best_standard": 0.7226111636707663,
        "02_best_normalized": 0.7582781456953642,
        "02_best_standard": 0.7348155156102176,
        "03_best_normalized": 0.7584673604541154,
        "03_best_standard": 0.73519394512772,
        "05_best_normalized": 0.7583727530747398,
        "05_best_standard": 0.7350993377483444,
        "10_best_normalized": 0.7583727530747398,
        "10_best_standard": 0.7350993377483444,
        "20_best_normalized": 0.7583727530747398,
        "20_best_standard": 0.7350993377483444
    },
    "f1": {
        "01_best_normalized": 0.8232579113914871,
        "01_best_standard": 0.8148574106446256,
        "02_best_normalized": 0.8395855936513,
        "02_best_standard": 0.8308878416208991,
        "03_best_normalized": 0.8398777087313277,
        "03_best_standard": 0.8311890018200783,
        "05_best_normalized": 0.8398762752861858,
        "05_best_standard": 0.8311795410821409,
        "10_best_normalized": 0.8398762752861858,
        "10_best_standard": 0.8311795410821409,
        "20_best_normalized": 0.8398762752861858,
        "20_best_standard": 0.8311795410821409
    },
    "metric_stats": {
        "count_of_bad_no_answer_predictions": 0,
        "count_of_bad_predictions": 2623,
        "count_of_good_no_answer_predictions": 0,
        "count_of_good_predictions": 7764,
        "count_of_no_answer_predictions": 0,
        "count_of_start_after_end_predictions": 244,
        "total_predictions": 10387
    },
    "precision": {
        "01_best_normalized": 0.8515009937729224,
        "01_best_standard": 0.8459729046837338,
        "02_best_normalized": 0.868606098708736,
        "02_best_standard": 0.8629607993800428,
        "03_best_normalized": 0.8689596902449198,
        "03_best_standard": 0.8633102173855631,
        "05_best_normalized": 0.8689975331966698,
        "05_best_standard": 0.8633489204043986,
        "10_best_normalized": 0.8689975331966698,
        "10_best_standard": 0.8633489204043986,
        "20_best_normalized": 0.8689975331966698,
        "20_best_standard": 0.8633489204043986
    },
    "recall": {
        "01_best_normalized": 0.8282190494805112,
        "01_best_standard": 0.8188035417401704,
        "02_best_normalized": 0.8449690452845723,
        "02_best_standard": 0.8351577753862677,
        "03_best_normalized": 0.8452668332739403,
        "03_best_standard": 0.8354879626488106,
        "05_best_normalized": 0.8451722258945646,
        "05_best_standard": 0.8353775873728724,
        "10_best_normalized": 0.8451722258945646,
        "10_best_standard": 0.8353775873728724,
        "20_best_normalized": 0.8451722258945646,
        "20_best_standard": 0.8353775873728724
    }
}