{
    "accuracy": {
        "end_accuracy": 0.4744744744744745,
        "full_accuracy": 0.2702702702702703,
        "start_accuracy": 0.4924924924924925
    },
    "exact_match": {
        "01_best_normalized": 0.31347962382445144,
        "01_best_standard": 0.23510971786833856,
        "02_best_normalized": 0.3385579937304075,
        "02_best_standard": 0.2507836990595611,
        "03_best_normalized": 0.3385579937304075,
        "03_best_standard": 0.2507836990595611,
        "05_best_normalized": 0.3385579937304075,
        "05_best_standard": 0.2507836990595611,
        "10_best_normalized": 0.3385579937304075,
        "10_best_standard": 0.2507836990595611,
        "20_best_normalized": 0.3385579937304075,
        "20_best_standard": 0.2507836990595611
    },
    "f1": {
        "01_best_normalized": 0.577628484567113,
        "01_best_standard": 0.5511656670945903,
        "02_best_normalized": 0.6464042409798456,
        "02_best_standard": 0.6183222372890794,
        "03_best_normalized": 0.6804932162226,
        "03_best_standard": 0.6516533409404462,
        "05_best_normalized": 0.6978951832496306,
        "05_best_standard": 0.6687262039332453,
        "10_best_normalized": 0.7042548945865034,
        "10_best_standard": 0.6752260042261491,
        "20_best_normalized": 0.7044516675105491,
        "20_best_standard": 0.6755079539845212
    },
    "metric_stats": {
        "count_of_bad_no_answer_predictions": 1,
        "count_of_bad_predictions": 243,
        "count_of_good_no_answer_predictions": 14,
        "count_of_good_predictions": 90,
        "count_of_no_answer_actuals": 14,
        "count_of_no_answer_predictions": 15,
        "count_of_normal_actuals": 319,
        "count_of_start_after_end_predictions": 8,
        "total_predictions": 333
    },
    "precision": {
        "01_best_normalized": 0.6001990700562868,
        "01_best_standard": 0.5760032715674712,
        "02_best_normalized": 0.6815966355493713,
        "02_best_standard": 0.655858670912693,
        "03_best_normalized": 0.7415844446751114,
        "03_best_standard": 0.715307693267395,
        "05_best_normalized": 0.7757537236719767,
        "05_best_standard": 0.7480110139801199,
        "10_best_normalized": 0.7875962872386782,
        "10_best_standard": 0.762988373785066,
        "20_best_normalized": 0.7875962872386782,
        "20_best_standard": 0.762988373785066
    },
    "recall": {
        "01_best_normalized": 0.639095646999304,
        "01_best_standard": 0.601863590352163,
        "02_best_normalized": 0.7068573370407333,
        "02_best_standard": 0.6678841358292237,
        "03_best_normalized": 0.7321389010811019,
        "03_best_standard": 0.6921080832022487,
        "05_best_normalized": 0.7452196717934855,
        "05_best_standard": 0.7050145618004334,
        "10_best_normalized": 0.7500454813877512,
        "10_best_standard": 0.7099016491533056,
        "20_best_normalized": 0.7502616742317681,
        "20_best_standard": 0.7102050165312003
    }
}