{
    "end_logits_accuracy": [
        0.3368983864784241,
        0.5601603984832764,
        0.6731283664703369,
        0.7927807569503784
    ],
    "end_logits_loss": [
        2.7889299392700195,
        1.5642274618148804,
        1.0540703535079956,
        0.6648571491241455
    ],
    "loss": [
        5.388742923736572,
        3.013650894165039,
        1.99113130569458,
        1.2189443111419678
    ],
    "start_logits_accuracy": [
        0.36096256971359253,
        0.5708556175231934,
        0.7299465537071228,
        0.8348930478096008
    ],
    "start_logits_loss": [
        2.5998117923736572,
        1.4494231939315796,
        0.9370619058609009,
        0.5540867447853088
    ],
    "val_end_logits_accuracy": [
        0.44720497727394104,
        0.4503105580806732,
        0.4440993666648865,
        0.4440993666648865
    ],
    "val_end_logits_loss": [
        2.097982406616211,
        2.005192995071411,
        2.1793735027313232,
        2.1925320625305176
    ],
    "val_loss": [
        4.054173469543457,
        3.8511147499084473,
        4.0240912437438965,
        4.283238887786865
    ],
    "val_start_logits_accuracy": [
        0.4534161388874054,
        0.48136645555496216,
        0.4875776469707489,
        0.45962733030319214
    ],
    "val_start_logits_loss": [
        1.956191897392273,
        1.845921277999878,
        1.8447176218032837,
        2.0907061100006104
    ]
}