{
    "evaluation": {
        "accuracy": {
            "end_accuracy": 0.4605678233438486,
            "full_accuracy": 0.2555205047318612,
            "start_accuracy": 0.47003154574132494
        },
        "exact_match": {
            "01_best_normalized": 0.29780564263322884,
            "01_best_standard": 0.2445141065830721,
            "02_best_normalized": 0.3166144200626959,
            "02_best_standard": 0.25391849529780564,
            "03_best_normalized": 0.322884012539185,
            "03_best_standard": 0.25705329153605017,
            "05_best_normalized": 0.322884012539185,
            "05_best_standard": 0.25705329153605017,
            "10_best_normalized": 0.322884012539185,
            "10_best_standard": 0.25705329153605017,
            "20_best_normalized": 0.322884012539185,
            "20_best_standard": 0.25705329153605017
        },
        "f1": {
            "01_best_normalized": 0.5370403389807178,
            "01_best_standard": 0.5211386805721164,
            "02_best_normalized": 0.6185860487371859,
            "02_best_standard": 0.601248971103892,
            "03_best_normalized": 0.6625456231046363,
            "03_best_standard": 0.6430121441262403,
            "05_best_normalized": 0.6707873215689593,
            "05_best_standard": 0.6506792703335473,
            "10_best_normalized": 0.676309406891291,
            "10_best_standard": 0.6564351297157276,
            "20_best_normalized": 0.6748774725697616,
            "20_best_standard": 0.6550819366047549
        },
        "metric_stats": {
            "count_of_bad_no_answer_predictions": 0,
            "count_of_bad_predictions": 236,
            "count_of_good_no_answer_predictions": 0,
            "count_of_good_predictions": 81,
            "count_of_no_answer_actuals": 0,
            "count_of_no_answer_predictions": 0,
            "count_of_normal_actuals": 317,
            "count_of_start_after_end_predictions": 8,
            "total_predictions": 317
        },
        "precision": {
            "01_best_normalized": 0.5579763873732599,
            "01_best_standard": 0.5419360429112511,
            "02_best_normalized": 0.6621728179019789,
            "02_best_standard": 0.6441611675586875,
            "03_best_normalized": 0.7235745300873901,
            "03_best_standard": 0.7029371706121842,
            "05_best_normalized": 0.7392785860044278,
            "05_best_standard": 0.717961211906643,
            "10_best_normalized": 0.7491895079709706,
            "10_best_standard": 0.7279035835096316,
            "20_best_normalized": 0.7493544972466677,
            "20_best_standard": 0.7280603233215439
        },
        "recall": {
            "01_best_normalized": 0.6028481172526404,
            "01_best_standard": 0.5819858327610901,
            "02_best_normalized": 0.6889277048975312,
            "02_best_standard": 0.6669633797377651,
            "03_best_normalized": 0.7298772994686764,
            "03_best_standard": 0.7056156218506209,
            "05_best_normalized": 0.7373703540115405,
            "05_best_standard": 0.7125876561683903,
            "10_best_normalized": 0.7407774569226111,
            "10_best_standard": 0.7162342699449464,
            "20_best_normalized": 0.7397905766253859,
            "20_best_standard": 0.7153241678112625
        }
    },
    "squad_evaluation": {
        "accuracy": {
            "end_accuracy": 0.07008760951188986,
            "full_accuracy": 0.021565418311350726,
            "start_accuracy": 0.06402233561182247
        },
        "exact_match": {
            "01_best_normalized": 0.02459791863765374,
            "01_best_standard": 0.021759697256385997,
            "02_best_normalized": 0.029706717123935668,
            "02_best_standard": 0.026017029328287606,
            "03_best_normalized": 0.03084200567644276,
            "03_best_standard": 0.027152317880794703,
            "05_best_normalized": 0.031031220435193945,
            "05_best_standard": 0.027246925260170293,
            "10_best_normalized": 0.03122043519394513,
            "10_best_standard": 0.027436140018921477,
            "20_best_normalized": 0.03131504257332072,
            "20_best_standard": 0.027530747398297067
        },
        "f1": {
            "01_best_normalized": 0.09026196762398203,
            "01_best_standard": 0.08819396014378221,
            "02_best_normalized": 0.10708104450689471,
            "02_best_standard": 0.1044074415370842,
            "03_best_normalized": 0.11086261557324513,
            "03_best_standard": 0.10824312995986263,
            "05_best_normalized": 0.11194705429431237,
            "05_best_standard": 0.1093115391186181,
            "10_best_normalized": 0.11198069445546269,
            "10_best_standard": 0.10943053734955217,
            "20_best_normalized": 0.11205753761077714,
            "20_best_standard": 0.10949813581177474
        },
        "metric_stats": {
            "count_of_bad_no_answer_predictions": 0,
            "count_of_bad_predictions": 10157,
            "count_of_good_no_answer_predictions": 0,
            "count_of_good_predictions": 230,
            "count_of_no_answer_predictions": 0,
            "count_of_start_after_end_predictions": 870,
            "total_predictions": 10387
        },
        "precision": {
            "01_best_normalized": 0.07649350250223025,
            "01_best_standard": 0.07514600210140959,
            "02_best_normalized": 0.09145133636067994,
            "02_best_standard": 0.08961994465682495,
            "03_best_normalized": 0.0950126528832755,
            "03_best_standard": 0.09314474254480958,
            "05_best_normalized": 0.09617826808763728,
            "05_best_standard": 0.09415834646864005,
            "10_best_normalized": 0.09619869593953878,
            "10_best_standard": 0.09425888058666333,
            "20_best_normalized": 0.09628618715069828,
            "20_best_standard": 0.09433814136212311
        },
        "recall": {
            "01_best_normalized": 0.1746603337817156,
            "01_best_standard": 0.16901203968149195,
            "02_best_normalized": 0.20575884971467603,
            "02_best_standard": 0.19829970707762423,
            "03_best_normalized": 0.21236574892048746,
            "03_best_standard": 0.20531285733533444,
            "05_best_normalized": 0.2151091817727189,
            "05_best_standard": 0.20803094062910368,
            "10_best_normalized": 0.21514479587893998,
            "10_best_standard": 0.20812371524647616,
            "20_best_normalized": 0.21516844772378388,
            "20_best_standard": 0.20811188932405417
        }
    },
    "training": {
        "attempted_epochs": 4,
        "best_epoch": 4,
        "gpu": "NVIDIA GeForce RTX 3070 Ti",
        "history": {
            "end_logits_accuracy": [
                0.14171510934829712,
                0.32340115308761597,
                0.42514535784721375,
                0.5007267594337463
            ],
            "end_logits_loss": [
                3.7612593173980713,
                2.41286039352417,
                1.936927080154419,
                1.627761721611023
            ],
            "loss": [
                7.39253044128418,
                4.606184482574463,
                3.6587576866149902,
                3.108638286590576
            ],
            "start_logits_accuracy": [
                0.15552325546741486,
                0.396075576543808,
                0.5014534592628479,
                0.555232584476471
            ],
            "start_logits_loss": [
                3.6312742233276367,
                2.193323850631714,
                1.7218307256698608,
                1.4808753728866577
            ],
            "val_end_logits_accuracy": [
                0.24662162363529205,
                0.3310810923576355,
                0.3682432472705841,
                0.37162160873413086
            ],