{
    "evaluation": {
        "accuracy": {
            "end_accuracy": 0.39747634069400634,
            "full_accuracy": 0.1892744479495268,
            "start_accuracy": 0.4069400630914827
        },
        "exact_match": {
            "01_best_normalized": 0.25391849529780564,
            "01_best_standard": 0.18495297805642633,
            "02_best_normalized": 0.27899686520376177,
            "02_best_standard": 0.20376175548589343,
            "03_best_normalized": 0.2852664576802508,
            "03_best_standard": 0.21003134796238246,
            "05_best_normalized": 0.2852664576802508,
            "05_best_standard": 0.21003134796238246,
            "10_best_normalized": 0.2852664576802508,
            "10_best_standard": 0.21003134796238246,
            "20_best_normalized": 0.2852664576802508,
            "20_best_standard": 0.21003134796238246
        },
        "f1": {
            "01_best_normalized": 0.474317476931237,
            "01_best_standard": 0.4612906064400871,
            "02_best_normalized": 0.5719882168038135,
            "02_best_standard": 0.5554144021745371,
            "03_best_normalized": 0.5995516952586629,
            "03_best_standard": 0.5823712607806402,
            "05_best_normalized": 0.6223522099076536,
            "05_best_standard": 0.6050261140121916,
            "10_best_normalized": 0.6224677031290234,
            "10_best_standard": 0.605362613839287,
            "20_best_normalized": 0.6235088903013556,
            "20_best_standard": 0.6065128706375819
        },
        "metric_stats": {
            "count_of_bad_no_answer_predictions": 0,
            "count_of_bad_predictions": 257,
            "count_of_good_no_answer_predictions": 0,
            "count_of_good_predictions": 60,
            "count_of_no_answer_actuals": 0,
            "count_of_no_answer_predictions": 0,
            "count_of_normal_actuals": 317,
            "count_of_start_after_end_predictions": 31,
            "total_predictions": 317
        },
        "precision": {
            "01_best_normalized": 0.5031167446368267,
            "01_best_standard": 0.4906280371855089,
            "02_best_normalized": 0.6248517505212159,
            "02_best_standard": 0.6061346959146741,
            "03_best_normalized": 0.6621561982811311,
            "03_best_standard": 0.6426848999833426,
            "05_best_normalized": 0.6917058836440193,
            "05_best_standard": 0.6714578511700868,
            "10_best_normalized": 0.696281841915537,
            "10_best_standard": 0.6760858826130003,
            "20_best_normalized": 0.7012727675053736,
            "20_best_standard": 0.6808760712507389
        },
        "recall": {
            "01_best_normalized": 0.5273137669048016,
            "01_best_standard": 0.5091129158130633,
            "02_best_normalized": 0.6320625996869297,
            "02_best_standard": 0.6112410858524401,
            "03_best_normalized": 0.6608408023638289,
            "03_best_standard": 0.6396333375536541,
            "05_best_normalized": 0.6843800561619365,
            "05_best_standard": 0.66348483582823,
            "10_best_normalized": 0.6821293507628722,
            "10_best_standard": 0.6611960679314767,
            "20_best_normalized": 0.6826243185899634,
            "20_best_standard": 0.6617969038771402
        }
    },
    "squad_evaluation": {
        "accuracy": {
            "end_accuracy": 0.09473380186771926,
            "full_accuracy": 0.0386059497448734,
            "start_accuracy": 0.09733320496774815
        },
        "exact_match": {
            "01_best_normalized": 0.04380321665089877,
            "01_best_standard": 0.038221381267738885,
            "02_best_normalized": 0.05250709555345317,
            "02_best_standard": 0.045600756859035,
            "03_best_normalized": 0.05411542100283822,
            "03_best_standard": 0.04730368968779565,
            "05_best_normalized": 0.054588457899716177,
            "05_best_standard": 0.04758751182592242,
            "10_best_normalized": 0.05477767265846736,
            "10_best_standard": 0.04777672658467361,
            "20_best_normalized": 0.05477767265846736,
            "20_best_standard": 0.04777672658467361
        },
        "f1": {
            "01_best_normalized": 0.10597911834012728,
            "01_best_standard": 0.1027846504870519,
            "02_best_normalized": 0.12779057742145677,
            "02_best_standard": 0.12389270485605451,
            "03_best_normalized": 0.13311744738670958,
            "03_best_standard": 0.12939177500673593,
            "05_best_normalized": 0.1348617180132447,
            "05_best_standard": 0.1311065173722667,
            "10_best_normalized": 0.13521382980018876,
            "10_best_standard": 0.13154083139637363,
            "20_best_normalized": 0.13517511315008582,
            "20_best_standard": 0.13144329658368925
        },
        "metric_stats": {
            "count_of_bad_no_answer_predictions": 0,
            "count_of_bad_predictions": 9961,
            "count_of_good_no_answer_predictions": 0,
            "count_of_good_predictions": 426,
            "count_of_no_answer_predictions": 0,
            "count_of_start_after_end_predictions": 1781,
            "total_predictions": 10387
        },
        "precision": {
            "01_best_normalized": 0.09263033796433559,
            "01_best_standard": 0.09014700203753465,
            "02_best_normalized": 0.11193977081558994,
            "02_best_standard": 0.1087667808089758,
            "03_best_normalized": 0.11645992376782663,
            "03_best_standard": 0.11345642284344964,
            "05_best_normalized": 0.1181586284857398,
            "05_best_standard": 0.11514242618583942,
            "10_best_normalized": 0.11852739989402376,
            "10_best_standard": 0.1155871743245085,
            "20_best_normalized": 0.1185005910569027,
            "20_best_standard": 0.115496836406356
        },
        "recall": {
            "01_best_normalized": 0.1851769184134915,
            "01_best_standard": 0.17925195352037543,
            "02_best_normalized": 0.22194515530889183,
            "02_best_standard": 0.21503753908481651,
            "03_best_normalized": 0.23200057395474102,
            "03_best_standard": 0.2251886046173014,
            "05_best_normalized": 0.23471728460664582,
            "05_best_standard": 0.22773711103572278,
            "10_best_normalized": 0.2353583383389956,
            "10_best_standard": 0.22848550421197783,
            "20_best_normalized": 0.23531103464930783,
            "20_best_standard": 0.22837437808382235
        }
    },
    "training": {
        "attempted_epochs": 4,
        "best_epoch": 1,
        "gpu": "NVIDIA GeForce RTX 3070 Ti",
        "history": {
            "end_logits_accuracy": [
                0.23909883201122284,
                0.4636628031730652,
                0.6787790656089783
            ],
            "end_logits_loss": [
                3.1191611289978027,
                1.8038966655731201,
                0.98049396276474
            ],
            "loss": [
                6.065829277038574,
                3.41361403465271,
                1.7651149034500122
            ],
            "start_logits_accuracy": [
                0.25726744532585144,
                0.5319767594337463,
                0.7565407156944275
            ],
            "start_logits_loss": [
                2.9466686248779297,
                1.6097183227539062,
                0.7846217751502991
            ],
            "val_end_logits_accuracy": [
                0.30405405163764954,
                0.3378378450870514,
                0.3918918967247009
            ],
            "val_end_logits_loss": [
                2.5352189540863037,
                2.623814821243286,
                2.570451021194458
            ],