{
    "accuracy": {
        "end_accuracy": 0.39747634069400634,
        "full_accuracy": 0.1892744479495268,
        "start_accuracy": 0.4069400630914827
    },
    "exact_match": {
        "01_best_normalized": 0.25391849529780564,
        "01_best_standard": 0.18495297805642633,
        "02_best_normalized": 0.27899686520376177,
        "02_best_standard": 0.20376175548589343,
        "03_best_normalized": 0.2852664576802508,
        "03_best_standard": 0.21003134796238246,
        "05_best_normalized": 0.2852664576802508,
        "05_best_standard": 0.21003134796238246,
        "10_best_normalized": 0.2852664576802508,
        "10_best_standard": 0.21003134796238246,
        "20_best_normalized": 0.2852664576802508,
        "20_best_standard": 0.21003134796238246
    },
    "f1": {
        "01_best_normalized": 0.474317476931237,
        "01_best_standard": 0.4612906064400871,
        "02_best_normalized": 0.5719882168038135,
        "02_best_standard": 0.5554144021745371,
        "03_best_normalized": 0.5995516952586629,
        "03_best_standard": 0.5823712607806402,
        "05_best_normalized": 0.6223522099076536,
        "05_best_standard": 0.6050261140121916,
        "10_best_normalized": 0.6224677031290234,
        "10_best_standard": 0.605362613839287,
        "20_best_normalized": 0.6235088903013556,
        "20_best_standard": 0.6065128706375819
    },
    "metric_stats": {
        "count_of_bad_no_answer_predictions": 0,
        "count_of_bad_predictions": 257,
        "count_of_good_no_answer_predictions": 0,
        "count_of_good_predictions": 60,
        "count_of_no_answer_actuals": 0,
        "count_of_no_answer_predictions": 0,
        "count_of_normal_actuals": 317,
        "count_of_start_after_end_predictions": 31,
        "total_predictions": 317
    },
    "precision": {
        "01_best_normalized": 0.5031167446368267,
        "01_best_standard": 0.4906280371855089,
        "02_best_normalized": 0.6248517505212159,
        "02_best_standard": 0.6061346959146741,
        "03_best_normalized": 0.6621561982811311,
        "03_best_standard": 0.6426848999833426,
        "05_best_normalized": 0.6917058836440193,
        "05_best_standard": 0.6714578511700868,
        "10_best_normalized": 0.696281841915537,
        "10_best_standard": 0.6760858826130003,
        "20_best_normalized": 0.7012727675053736,
        "20_best_standard": 0.6808760712507389
    },
    "recall": {
        "01_best_normalized": 0.5273137669048016,
        "01_best_standard": 0.5091129158130633,
        "02_best_normalized": 0.6320625996869297,
        "02_best_standard": 0.6112410858524401,
        "03_best_normalized": 0.6608408023638289,
        "03_best_standard": 0.6396333375536541,
        "05_best_normalized": 0.6843800561619365,
        "05_best_standard": 0.66348483582823,
        "10_best_normalized": 0.6821293507628722,
        "10_best_standard": 0.6611960679314767,
        "20_best_normalized": 0.6826243185899634,
        "20_best_standard": 0.6617969038771402
    }
}