{
    "accuracy": {
        "end_accuracy": 0.09473380186771926,
        "full_accuracy": 0.0386059497448734,
        "start_accuracy": 0.09733320496774815
    },
    "exact_match": {
        "01_best_normalized": 0.04380321665089877,
        "01_best_standard": 0.038221381267738885,
        "02_best_normalized": 0.05250709555345317,
        "02_best_standard": 0.045600756859035,
        "03_best_normalized": 0.05411542100283822,
        "03_best_standard": 0.04730368968779565,
        "05_best_normalized": 0.054588457899716177,
        "05_best_standard": 0.04758751182592242,
        "10_best_normalized": 0.05477767265846736,
        "10_best_standard": 0.04777672658467361,
        "20_best_normalized": 0.05477767265846736,
        "20_best_standard": 0.04777672658467361
    },
    "f1": {
        "01_best_normalized": 0.10597911834012728,
        "01_best_standard": 0.1027846504870519,
        "02_best_normalized": 0.12779057742145677,
        "02_best_standard": 0.12389270485605451,
        "03_best_normalized": 0.13311744738670958,
        "03_best_standard": 0.12939177500673593,
        "05_best_normalized": 0.1348617180132447,
        "05_best_standard": 0.1311065173722667,
        "10_best_normalized": 0.13521382980018876,
        "10_best_standard": 0.13154083139637363,
        "20_best_normalized": 0.13517511315008582,
        "20_best_standard": 0.13144329658368925
    },
    "metric_stats": {
        "count_of_bad_no_answer_predictions": 0,
        "count_of_bad_predictions": 9961,
        "count_of_good_no_answer_predictions": 0,
        "count_of_good_predictions": 426,
        "count_of_no_answer_predictions": 0,
        "count_of_start_after_end_predictions": 1781,
        "total_predictions": 10387
    },
    "precision": {
        "01_best_normalized": 0.09263033796433559,
        "01_best_standard": 0.09014700203753465,
        "02_best_normalized": 0.11193977081558994,
        "02_best_standard": 0.1087667808089758,
        "03_best_normalized": 0.11645992376782663,
        "03_best_standard": 0.11345642284344964,
        "05_best_normalized": 0.1181586284857398,
        "05_best_standard": 0.11514242618583942,
        "10_best_normalized": 0.11852739989402376,
        "10_best_standard": 0.1155871743245085,
        "20_best_normalized": 0.1185005910569027,
        "20_best_standard": 0.115496836406356
    },
    "recall": {
        "01_best_normalized": 0.1851769184134915,
        "01_best_standard": 0.17925195352037543,
        "02_best_normalized": 0.22194515530889183,
        "02_best_standard": 0.21503753908481651,
        "03_best_normalized": 0.23200057395474102,
        "03_best_standard": 0.2251886046173014,
        "05_best_normalized": 0.23471728460664582,
        "05_best_standard": 0.22773711103572278,
        "10_best_normalized": 0.2353583383389956,
        "10_best_standard": 0.22848550421197783,
        "20_best_normalized": 0.23531103464930783,
        "20_best_standard": 0.22837437808382235
    }
}