{
    "evaluation": {
        "accuracy": {
            "end_accuracy": 0.42168674698795183,
            "full_accuracy": 0.19879518072289157,
            "start_accuracy": 0.4066265060240964
        },
        "exact_match": {
            "01_best_normalized": 0.22884012539184953,
            "01_best_standard": 0.1755485893416928,
            "02_best_normalized": 0.25705329153605017,
            "02_best_standard": 0.19435736677115986,
            "03_best_normalized": 0.26332288401253917,
            "03_best_standard": 0.2006269592476489,
            "05_best_normalized": 0.26959247648902823,
            "05_best_standard": 0.20689655172413793,
            "10_best_normalized": 0.26959247648902823,
            "10_best_standard": 0.20689655172413793,
            "20_best_normalized": 0.26959247648902823,
            "20_best_standard": 0.20689655172413793
        },
        "f1": {
            "01_best_normalized": 0.45975452819378515,
            "01_best_standard": 0.4445132325973705,
            "02_best_normalized": 0.5491333179653767,
            "02_best_standard": 0.5303006508779387,
            "03_best_normalized": 0.5820304799308242,
            "03_best_standard": 0.562573446445352,
            "05_best_normalized": 0.6019122576494697,
            "05_best_standard": 0.5811366354805987,
            "10_best_normalized": 0.6089643861997188,
            "10_best_standard": 0.5882241338226681,
            "20_best_normalized": 0.6102370946824586,
            "20_best_standard": 0.5895448584800053
        },
        "metric_stats": {
            "count_of_bad_no_answer_predictions": 0,
            "count_of_bad_predictions": 266,
            "count_of_good_no_answer_predictions": 12,
            "count_of_good_predictions": 66,
            "count_of_no_answer_actuals": 13,
            "count_of_no_answer_predictions": 12,
            "count_of_normal_actuals": 319,
            "count_of_start_after_end_predictions": 19,
            "total_predictions": 332
        },
        "precision": {
            "01_best_normalized": 0.46738370114296307,
            "01_best_standard": 0.45271551117831965,
            "02_best_normalized": 0.5755956607263957,
            "02_best_standard": 0.5572394505498625,
            "03_best_normalized": 0.6218986242480526,
            "03_best_standard": 0.6026008266806469,
            "05_best_normalized": 0.647582805966717,
            "05_best_standard": 0.6266663431913043,
            "10_best_normalized": 0.6602454828927168,
            "10_best_standard": 0.6390361690545839,
            "20_best_normalized": 0.6623353470515464,
            "20_best_standard": 0.6412753092247586
        },
        "recall": {
            "01_best_normalized": 0.5426476829220521,
            "01_best_standard": 0.5231808516271306,
            "02_best_normalized": 0.6461422531146186,
            "02_best_standard": 0.6218110985284478,
            "03_best_normalized": 0.6783693752861005,
            "03_best_standard": 0.6532331951583322,
            "05_best_normalized": 0.6956233211191659,
            "05_best_standard": 0.6691241174480496,
            "10_best_normalized": 0.6993375707323675,
            "10_best_standard": 0.673015886660636,
            "20_best_normalized": 0.7001876849664675,
            "20_best_standard": 0.6739040789281386
        }
    },
    "squad_evaluation": {
        "accuracy": {
            "end_accuracy": 0.0361646884272997,
            "full_accuracy": 0.016876854599406528,
            "start_accuracy": 0.0497959940652819
        },
        "exact_match": {
            "01_best_normalized": 0.014758751182592242,
            "01_best_standard": 0.01239356669820246,
            "02_best_normalized": 0.039640491958372756,
            "02_best_standard": 0.033396404919583726,
            "03_best_normalized": 0.046452223273415326,
            "03_best_standard": 0.03888363292336802,
            "05_best_normalized": 0.04938505203405866,
            "05_best_standard": 0.0413434247871334,
            "10_best_normalized": 0.04966887417218543,
            "10_best_standard": 0.041627246925260174,
            "20_best_normalized": 0.04957426679280984,
            "20_best_standard": 0.04153263954588458
        },
        "f1": {
            "01_best_normalized": 0.038922337120316335,
            "01_best_standard": 0.03850333997520791,
            "02_best_normalized": 0.10480179921909175,
            "02_best_standard": 0.101682489046167,
            "03_best_normalized": 0.12348896340530614,
            "03_best_standard": 0.11958911757747537,
            "05_best_normalized": 0.12978506779218588,
            "05_best_standard": 0.1252056891540676,
            "10_best_normalized": 0.13054027313662248,
            "10_best_standard": 0.125956508209802,
            "20_best_normalized": 0.130381798719655,
            "20_best_standard": 0.12579101344655175
        },
        "metric_stats": {
            "count_of_bad_no_answer_predictions": 5442,
            "count_of_bad_predictions": 10594,
            "count_of_good_no_answer_predictions": 53,
            "count_of_good_predictions": 190,
            "count_of_no_answer_predictions": 5495,
            "count_of_start_after_end_predictions": 1159,
            "total_predictions": 10784
        },
        "precision": {
            "01_best_normalized": 0.033262634679004706,
            "01_best_standard": 0.03280904312602337,
            "02_best_normalized": 0.09013882020211528,
            "02_best_standard": 0.08735279405163043,
            "03_best_normalized": 0.10627696278226671,
            "03_best_standard": 0.1027753590527061,
            "05_best_normalized": 0.11209084667080584,
            "05_best_standard": 0.10787261815538449,
            "10_best_normalized": 0.11276539664745876,
            "10_best_standard": 0.10856787825653932,
            "20_best_normalized": 0.11262960331748378,
            "20_best_standard": 0.10842859107467881
        },
        "recall": {
            "01_best_normalized": 0.07114004673441474,
            "01_best_standard": 0.07003597613459635,
            "02_best_normalized": 0.18923031939774462,
            "02_best_standard": 0.1836225541483804,
            "03_best_normalized": 0.221181109987372,
            "03_best_standard": 0.21446418951816168,
            "05_best_normalized": 0.2315207173277136,
            "05_best_standard": 0.22370200250546454,
            "10_best_normalized": 0.23306583690952443,
            "10_best_standard": 0.22522594152116723,
            "20_best_normalized": 0.23279972333215257,
            "20_best_standard": 0.2249355003319559
        }
    },
    "training": {
        "attempted_epochs": 4,
        "best_epoch": 1,
        "gpu": "NVIDIA GeForce RTX 3070 Ti",
        "history": {
            "end_logits_accuracy": [
                0.2479729801416397,
                0.5,
                0.683783769607544
            ],
            "end_logits_loss": [
                3.1865944862365723,
                1.7924225330352783,
                0.9911791086196899
            ],
            "loss": [
                6.177308559417725,
                3.3394200801849365,
                1.7943745851516724
            ],
            "start_logits_accuracy": [
                0.2479729801416397,
                0.5493243336677551,
                0.7439188957214355
            ],
            "start_logits_loss": [
                2.9907124042510986,
                1.5469993352890015,
                0.8031951785087585
            ],
            "val_end_logits_accuracy": [
                0.337579607963562,
                0.3407643437385559,
                0.3757961690425873
            ],
            "val_end_logits_loss": [
                2.453108072280884,
                2.8346967697143555,
                2.7570531368255615
            ],