{
    "evaluation": {
        "accuracy": {
            "end_accuracy": 0.46987951807228917,
            "full_accuracy": 0.25,
            "start_accuracy": 0.4367469879518072
        },
        "exact_match": {
            "01_best_normalized": 0.2601880877742947,
            "01_best_standard": 0.21316614420062696,
            "02_best_normalized": 0.26959247648902823,
            "02_best_standard": 0.2225705329153605,
            "03_best_normalized": 0.26959247648902823,
            "03_best_standard": 0.2225705329153605,
            "05_best_normalized": 0.27586206896551724,
            "05_best_standard": 0.22570532915360503,
            "10_best_normalized": 0.27586206896551724,
            "10_best_standard": 0.22570532915360503,
            "20_best_normalized": 0.2727272727272727,
            "20_best_standard": 0.2225705329153605
        },
        "f1": {
            "01_best_normalized": 0.5066977161769383,
            "01_best_standard": 0.4877796829601854,
            "02_best_normalized": 0.5868129492298695,
            "02_best_standard": 0.567116110749573,
            "03_best_normalized": 0.6075015554537884,
            "03_best_standard": 0.5864792723269192,
            "05_best_normalized": 0.6278499253862815,
            "05_best_standard": 0.6063758346395987,
            "10_best_normalized": 0.6350993585832694,
            "10_best_standard": 0.6137144835374633,
            "20_best_normalized": 0.635932237073113,
            "20_best_standard": 0.6145863410727846
        },
        "metric_stats": {
            "count_of_bad_no_answer_predictions": 1,
            "count_of_bad_predictions": 249,
            "count_of_good_no_answer_predictions": 13,
            "count_of_good_predictions": 83,
            "count_of_no_answer_actuals": 13,
            "count_of_no_answer_predictions": 14,
            "count_of_normal_actuals": 319,
            "count_of_start_after_end_predictions": 14,
            "total_predictions": 332
        },
        "precision": {
            "01_best_normalized": 0.5253467652502076,
            "01_best_standard": 0.5030308282183116,
            "02_best_normalized": 0.6228748119161854,
            "02_best_standard": 0.6001726580012073,
            "03_best_normalized": 0.6643826814412962,
            "03_best_standard": 0.6385389769732794,
            "05_best_normalized": 0.6986216225767891,
            "05_best_standard": 0.6722953725511568,
            "10_best_normalized": 0.7128575781920551,
            "10_best_standard": 0.6864339694737293,
            "20_best_normalized": 0.7150967183622297,
            "20_best_standard": 0.6886022035385151
        },
        "recall": {
            "01_best_normalized": 0.5774891811775091,
            "01_best_standard": 0.5566173173575699,
            "02_best_normalized": 0.6627808588048424,
            "02_best_standard": 0.6404976038153505,
            "03_best_normalized": 0.6793925074813894,
            "03_best_standard": 0.6563607900799395,
            "05_best_normalized": 0.6964242254251413,
            "05_best_standard": 0.6730166567267318,
            "10_best_normalized": 0.7017563276874939,
            "10_best_standard": 0.6784834777156071,
            "20_best_normalized": 0.7021842370714516,
            "20_best_standard": 0.6789445961300069
        }
    },
    "squad_evaluation": {
        "accuracy": {
            "end_accuracy": 0.01873145400593472,
            "full_accuracy": 0.012240356083086053,
            "start_accuracy": 0.0254080118694362
        },
        "exact_match": {
            "01_best_normalized": 0.005960264900662252,
            "01_best_standard": 0.005203405865657522,
            "02_best_normalized": 0.025733207190160833,
            "02_best_standard": 0.019867549668874173,
            "03_best_normalized": 0.03216650898770104,
            "03_best_standard": 0.023746452223273415,
            "05_best_normalized": 0.03472090823084201,
            "05_best_standard": 0.024881740775780512,
            "10_best_normalized": 0.03462630085146642,
            "10_best_standard": 0.025070955534531692,
            "20_best_normalized": 0.03472090823084201,
            "20_best_standard": 0.025165562913907286
        },
        "f1": {
            "01_best_normalized": 0.017086418898744682,
            "01_best_standard": 0.016765809592209732,
            "02_best_normalized": 0.08111790845940757,
            "02_best_standard": 0.07651941092789473,
            "03_best_normalized": 0.1072079226119481,
            "03_best_standard": 0.10070775891518313,
            "05_best_normalized": 0.1177270749275681,
            "05_best_standard": 0.11017821620924095,
            "10_best_normalized": 0.1175631009234139,
            "10_best_standard": 0.11028922804861283,
            "20_best_normalized": 0.11743800230186308,
            "20_best_standard": 0.11018910982335474
        },
        "metric_stats": {
            "count_of_bad_no_answer_predictions": 7817,
            "count_of_bad_predictions": 10648,
            "count_of_good_no_answer_predictions": 78,
            "count_of_good_predictions": 136,
            "count_of_no_answer_predictions": 7895,
            "count_of_start_after_end_predictions": 533,
            "total_predictions": 10784
        },
        "precision": {
            "01_best_normalized": 0.014728589026578545,
            "01_best_standard": 0.014448222763970541,
            "02_best_normalized": 0.0675332861915708,
            "02_best_standard": 0.06419428545127753,
            "03_best_normalized": 0.08907061647595625,
            "03_best_standard": 0.0840788544093867,
            "05_best_normalized": 0.09787385779639743,
            "05_best_standard": 0.09202626368243655,
            "10_best_normalized": 0.09756167319451396,
            "10_best_standard": 0.09195444083900559,
            "20_best_normalized": 0.0975773335454256,
            "20_best_standard": 0.09198706917569191
        },
        "recall": {
            "01_best_normalized": 0.03288785506020741,
            "01_best_standard": 0.03194489293088523,
            "02_best_normalized": 0.16101861465322118,
            "02_best_standard": 0.150734710184936,
            "03_best_normalized": 0.21697374962014854,
            "03_best_standard": 0.20198163740457536,
            "05_best_normalized": 0.23911695828779586,
            "05_best_standard": 0.2220975875205631,
            "10_best_normalized": 0.2388647915761858,
            "10_best_standard": 0.22231387050174664,
            "20_best_normalized": 0.23824054187630583,
            "20_best_standard": 0.2217464238181818
        }
    },
    "training": {
        "attempted_epochs": 4,
        "best_epoch": 4,
        "gpu": "NVIDIA GeForce RTX 3070 Ti",
        "history": {
            "end_logits_accuracy": [
                0.14391891658306122,
                0.3540540635585785,
                0.4466216266155243,
                0.49932432174682617
            ],
            "end_logits_loss": [
                4.003427028656006,
                2.5400161743164062,
                2.053394079208374,
                1.726896047592163
            ],
            "loss": [
                7.753371238708496,
                4.7560625076293945,
                3.7912492752075195,
                3.240746021270752
            ],
            "start_logits_accuracy": [
                0.16756756603717804,
                0.40202704071998596,
                0.5081080794334412,
                0.5574324131011963
            ],
            "start_logits_loss": [
                3.749943494796753,
                2.216047525405884,
                1.737858772277832,
                1.513851523399353
            ],
            "val_end_logits_accuracy": [
                0.2675159275531769,
                0.3248407542705536,
                0.36624205112457275,
                0.3343949019908905
            ],