{
    "accuracy": {
        "end_accuracy": 0.46987951807228917,
        "full_accuracy": 0.25,
        "start_accuracy": 0.4367469879518072
    },
    "exact_match": {
        "01_best_normalized": 0.2601880877742947,
        "01_best_standard": 0.21316614420062696,
        "02_best_normalized": 0.26959247648902823,
        "02_best_standard": 0.2225705329153605,
        "03_best_normalized": 0.26959247648902823,
        "03_best_standard": 0.2225705329153605,
        "05_best_normalized": 0.27586206896551724,
        "05_best_standard": 0.22570532915360503,
        "10_best_normalized": 0.27586206896551724,
        "10_best_standard": 0.22570532915360503,
        "20_best_normalized": 0.2727272727272727,
        "20_best_standard": 0.2225705329153605
    },
    "f1": {
        "01_best_normalized": 0.5066977161769383,
        "01_best_standard": 0.4877796829601854,
        "02_best_normalized": 0.5868129492298695,
        "02_best_standard": 0.567116110749573,
        "03_best_normalized": 0.6075015554537884,
        "03_best_standard": 0.5864792723269192,
        "05_best_normalized": 0.6278499253862815,
        "05_best_standard": 0.6063758346395987,
        "10_best_normalized": 0.6350993585832694,
        "10_best_standard": 0.6137144835374633,
        "20_best_normalized": 0.635932237073113,
        "20_best_standard": 0.6145863410727846
    },
    "metric_stats": {
        "count_of_bad_no_answer_predictions": 1,
        "count_of_bad_predictions": 249,
        "count_of_good_no_answer_predictions": 13,
        "count_of_good_predictions": 83,
        "count_of_no_answer_actuals": 13,
        "count_of_no_answer_predictions": 14,
        "count_of_normal_actuals": 319,
        "count_of_start_after_end_predictions": 14,
        "total_predictions": 332
    },
    "precision": {
        "01_best_normalized": 0.5253467652502076,
        "01_best_standard": 0.5030308282183116,
        "02_best_normalized": 0.6228748119161854,
        "02_best_standard": 0.6001726580012073,
        "03_best_normalized": 0.6643826814412962,
        "03_best_standard": 0.6385389769732794,
        "05_best_normalized": 0.6986216225767891,
        "05_best_standard": 0.6722953725511568,
        "10_best_normalized": 0.7128575781920551,
        "10_best_standard": 0.6864339694737293,
        "20_best_normalized": 0.7150967183622297,
        "20_best_standard": 0.6886022035385151
    },
    "recall": {
        "01_best_normalized": 0.5774891811775091,
        "01_best_standard": 0.5566173173575699,
        "02_best_normalized": 0.6627808588048424,
        "02_best_standard": 0.6404976038153505,
        "03_best_normalized": 0.6793925074813894,
        "03_best_standard": 0.6563607900799395,
        "05_best_normalized": 0.6964242254251413,
        "05_best_standard": 0.6730166567267318,
        "10_best_normalized": 0.7017563276874939,
        "10_best_standard": 0.6784834777156071,
        "20_best_normalized": 0.7021842370714516,
        "20_best_standard": 0.6789445961300069
    }
}