{
    "accuracy": {
        "end_accuracy": 0.42168674698795183,
        "full_accuracy": 0.19879518072289157,
        "start_accuracy": 0.4066265060240964
    },
    "exact_match": {
        "01_best_normalized": 0.22884012539184953,
        "01_best_standard": 0.1755485893416928,
        "02_best_normalized": 0.25705329153605017,
        "02_best_standard": 0.19435736677115986,
        "03_best_normalized": 0.26332288401253917,
        "03_best_standard": 0.2006269592476489,
        "05_best_normalized": 0.26959247648902823,
        "05_best_standard": 0.20689655172413793,
        "10_best_normalized": 0.26959247648902823,
        "10_best_standard": 0.20689655172413793,
        "20_best_normalized": 0.26959247648902823,
        "20_best_standard": 0.20689655172413793
    },
    "f1": {
        "01_best_normalized": 0.45975452819378515,
        "01_best_standard": 0.4445132325973705,
        "02_best_normalized": 0.5491333179653767,
        "02_best_standard": 0.5303006508779387,
        "03_best_normalized": 0.5820304799308242,
        "03_best_standard": 0.562573446445352,
        "05_best_normalized": 0.6019122576494697,
        "05_best_standard": 0.5811366354805987,
        "10_best_normalized": 0.6089643861997188,
        "10_best_standard": 0.5882241338226681,
        "20_best_normalized": 0.6102370946824586,
        "20_best_standard": 0.5895448584800053
    },
    "metric_stats": {
        "count_of_bad_no_answer_predictions": 0,
        "count_of_bad_predictions": 266,
        "count_of_good_no_answer_predictions": 12,
        "count_of_good_predictions": 66,
        "count_of_no_answer_actuals": 13,
        "count_of_no_answer_predictions": 12,
        "count_of_normal_actuals": 319,
        "count_of_start_after_end_predictions": 19,
        "total_predictions": 332
    },
    "precision": {
        "01_best_normalized": 0.46738370114296307,
        "01_best_standard": 0.45271551117831965,
        "02_best_normalized": 0.5755956607263957,
        "02_best_standard": 0.5572394505498625,
        "03_best_normalized": 0.6218986242480526,
        "03_best_standard": 0.6026008266806469,
        "05_best_normalized": 0.647582805966717,
        "05_best_standard": 0.6266663431913043,
        "10_best_normalized": 0.6602454828927168,
        "10_best_standard": 0.6390361690545839,
        "20_best_normalized": 0.6623353470515464,
        "20_best_standard": 0.6412753092247586
    },
    "recall": {
        "01_best_normalized": 0.5426476829220521,
        "01_best_standard": 0.5231808516271306,
        "02_best_normalized": 0.6461422531146186,
        "02_best_standard": 0.6218110985284478,
        "03_best_normalized": 0.6783693752861005,
        "03_best_standard": 0.6532331951583322,
        "05_best_normalized": 0.6956233211191659,
        "05_best_standard": 0.6691241174480496,
        "10_best_normalized": 0.6993375707323675,
        "10_best_standard": 0.673015886660636,
        "20_best_normalized": 0.7001876849664675,
        "20_best_standard": 0.6739040789281386
    }
}