{
    "end_logits_accuracy": [
        0.14391891658306122,
        0.3540540635585785,
        0.4466216266155243,
        0.49932432174682617
    ],
    "end_logits_loss": [
        4.003427028656006,
        2.5400161743164062,
        2.053394079208374,
        1.726896047592163
    ],
    "loss": [
        7.753371238708496,
        4.7560625076293945,
        3.7912492752075195,
        3.240746021270752
    ],
    "start_logits_accuracy": [
        0.16756756603717804,
        0.40202704071998596,
        0.5081080794334412,
        0.5574324131011963
    ],
    "start_logits_loss": [
        3.749943494796753,
        2.216047525405884,
        1.737858772277832,
        1.513851523399353
    ],
    "val_end_logits_accuracy": [
        0.2675159275531769,
        0.3248407542705536,
        0.36624205112457275,
        0.3343949019908905
    ],
    "val_end_logits_loss": [
        2.9078831672668457,
        2.647024631500244,
        2.5232479572296143,
        2.4667320251464844
    ],
    "val_loss": [
        5.519564628601074,
        4.972670555114746,
        4.876105785369873,
        4.838972568511963
    ],
    "val_start_logits_accuracy": [
        0.3280254900455475,
        0.3949044644832611,
        0.4012738764286041,
        0.3980891704559326
    ],
    "val_start_logits_loss": [
        2.6116812229156494,
        2.325645685195923,
        2.352858781814575,
        2.3722410202026367
    ]
}