{
    "accuracy": {
        "end_accuracy": 0.0361646884272997,
        "full_accuracy": 0.016876854599406528,
        "start_accuracy": 0.0497959940652819
    },
    "exact_match": {
        "01_best_normalized": 0.014758751182592242,
        "01_best_standard": 0.01239356669820246,
        "02_best_normalized": 0.039640491958372756,
        "02_best_standard": 0.033396404919583726,
        "03_best_normalized": 0.046452223273415326,
        "03_best_standard": 0.03888363292336802,
        "05_best_normalized": 0.04938505203405866,
        "05_best_standard": 0.0413434247871334,
        "10_best_normalized": 0.04966887417218543,
        "10_best_standard": 0.041627246925260174,
        "20_best_normalized": 0.04957426679280984,
        "20_best_standard": 0.04153263954588458
    },
    "f1": {
        "01_best_normalized": 0.038922337120316335,
        "01_best_standard": 0.03850333997520791,
        "02_best_normalized": 0.10480179921909175,
        "02_best_standard": 0.101682489046167,
        "03_best_normalized": 0.12348896340530614,
        "03_best_standard": 0.11958911757747537,
        "05_best_normalized": 0.12978506779218588,
        "05_best_standard": 0.1252056891540676,
        "10_best_normalized": 0.13054027313662248,
        "10_best_standard": 0.125956508209802,
        "20_best_normalized": 0.130381798719655,
        "20_best_standard": 0.12579101344655175
    },
    "metric_stats": {
        "count_of_bad_no_answer_predictions": 5442,
        "count_of_bad_predictions": 10594,
        "count_of_good_no_answer_predictions": 53,
        "count_of_good_predictions": 190,
        "count_of_no_answer_predictions": 5495,
        "count_of_start_after_end_predictions": 1159,
        "total_predictions": 10784
    },
    "precision": {
        "01_best_normalized": 0.033262634679004706,
        "01_best_standard": 0.03280904312602337,
        "02_best_normalized": 0.09013882020211528,
        "02_best_standard": 0.08735279405163043,
        "03_best_normalized": 0.10627696278226671,
        "03_best_standard": 0.1027753590527061,
        "05_best_normalized": 0.11209084667080584,
        "05_best_standard": 0.10787261815538449,
        "10_best_normalized": 0.11276539664745876,
        "10_best_standard": 0.10856787825653932,
        "20_best_normalized": 0.11262960331748378,
        "20_best_standard": 0.10842859107467881
    },
    "recall": {
        "01_best_normalized": 0.07114004673441474,
        "01_best_standard": 0.07003597613459635,
        "02_best_normalized": 0.18923031939774462,
        "02_best_standard": 0.1836225541483804,
        "03_best_normalized": 0.221181109987372,
        "03_best_standard": 0.21446418951816168,
        "05_best_normalized": 0.2315207173277136,
        "05_best_standard": 0.22370200250546454,
        "10_best_normalized": 0.23306583690952443,
        "10_best_standard": 0.22522594152116723,
        "20_best_normalized": 0.23279972333215257,
        "20_best_standard": 0.2249355003319559
    }
}