{
    "test_set": {
        "end_logits_accuracy": 0.7266751527786255,
        "end_logits_loss": 0.995637059211731,
        "end_positions": {
            "f1": 0.7266751626534308,
            "precision": 0.7266751626534308,
            "recall": 0.7266751626534308
        },
        "exact_match": {
            "case_insensitive": 0.5199864268747879,
            "case_insensitive_and_no_punctuation": 0.5199864268747879,
            "case_sensitive": 0.24038004750593825,
            "squad": 58.37122497455039,
            "squad_f1": 72.900502815215
        },
        "general_accuracy": 0.24428197732913007,
        "general_lowercase_accuracy": 0.5206251257629619,
        "loss": 2.0713934898376465,
        "start_logits_accuracy": 0.6871688365936279,
        "start_logits_loss": 1.0757664442062378,
        "start_positions": {
            "f1": 0.6871688242001476,
            "precision": 0.6871688242001476,
            "recall": 0.6871688242001476
        }
    },
    "training": {
        "attempted_epochs": 10,
        "best_epoch": 1,
        "gpu": "NVIDIA GeForce RTX 3070 Ti",
        "metrics": {
            "end_logits_accuracy": [
                0.658332347869873,
                0.7828863859176636
            ],
            "end_logits_loss": [
                1.2638555765151978,
                0.7255534529685974
            ],
            "loss": [
                2.6041929721832275,
                1.5259146690368652
            ],
            "start_logits_accuracy": [
                0.6200656294822693,
                0.7458712458610535
            ],
            "start_logits_loss": [
                1.340335488319397,
                0.8003607988357544
            ],
            "val_end_logits_accuracy": [
                0.7294228076934814,
                0.7366122603416443
            ],
            "val_end_logits_loss": [
                0.9767928123474121,
                1.0151333808898926
            ],
            "val_loss": [
                2.0291006565093994,
                2.0935230255126953
            ],
            "val_start_logits_accuracy": [
                0.6912584900856018,
                0.6971712708473206
            ],
            "val_start_logits_loss": [
                1.052311658859253,
                1.0783884525299072
            ]
        },
        "training_time": "Not measured"
    }
}