{
    "test_set": {
        "end_logits_accuracy": 0.7317207455635071,
        "end_logits_loss": 0.9539012908935547,
        "end_positions": {
            "f1": 0.7317207256734468,
            "precision": 0.7317207256734469,
            "recall": 0.7317207256734469
        },
        "exact_match": {
            "case_insensitive": 0.8523914238592634,
            "case_insensitive_and_no_punctuation": 0.8523914238592634,
            "case_sensitive": 0.4169186366135239,
            "squad": 88.3177570093458,
            "squad_f1": 92.50495563005454
        },
        "loss": 2.003446578979492,
        "start_logits_accuracy": 0.6875343322753906,
        "start_logits_loss": 1.049540400505066,
        "start_positions": {
            "f1": 0.6875343595382079,
            "precision": 0.6875343595382079,
            "recall": 0.6875343595382079
        }
    },
    "training": {
        "end_logits_accuracy": [
            0.6583632230758667,
            0.783959150314331
        ],
        "end_logits_loss": [
            1.2345622777938843,
            0.715301513671875
        ],
        "loss": [
            2.575505018234253,
            1.510229468345642
        ],
        "start_logits_accuracy": [
            0.6196074485778809,
            0.7469837069511414
        ],
        "start_logits_loss": [
            1.3409450054168701,
            0.7949275970458984
        ],
        "val_end_logits_accuracy": [
            0.7349207401275635,
            0.7443217039108276
        ],
        "val_end_logits_loss": [
            0.9450390934944153,
            0.9859893321990967
        ],
        "val_loss": [
            1.969908595085144,
            2.0494658946990967
        ],
        "val_start_logits_accuracy": [
            0.6937487125396729,
            0.7048651576042175
        ],
        "val_start_logits_loss": [
            1.0248726606369019,
            1.0634758472442627
        ]
    }
}