{
    "evaluation": {
        "accuracy": {
            "end_accuracy": 0.49363057324840764,
            "full_accuracy": 0.2898089171974522,
            "start_accuracy": 0.5063694267515924
        },
        "exact_match": {
            "01_best_normalized": 0.3448275862068966,
            "01_best_standard": 0.27899686520376177,
            "02_best_normalized": 0.3542319749216301,
            "02_best_standard": 0.28213166144200624,
            "03_best_normalized": 0.3667711598746082,
            "03_best_standard": 0.2884012539184953,
            "05_best_normalized": 0.3667711598746082,
            "05_best_standard": 0.2884012539184953,
            "10_best_normalized": 0.3667711598746082,
            "10_best_standard": 0.2884012539184953,
            "20_best_normalized": 0.3667711598746082,
            "20_best_standard": 0.2884012539184953
        },
        "f1": {
            "01_best_normalized": 0.5659926371327193,
            "01_best_standard": 0.5461267674213672,
            "02_best_normalized": 0.6188293053902536,
            "02_best_standard": 0.5977785852741448,
            "03_best_normalized": 0.6517851637854121,
            "03_best_standard": 0.6291082408221654,
            "05_best_normalized": 0.6791089023488781,
            "05_best_standard": 0.655815198986976,
            "10_best_normalized": 0.6990969756992246,
            "10_best_standard": 0.6757132844716509,
            "20_best_normalized": 0.7020004971177575,
            "20_best_standard": 0.6785872542901188
        },
        "metric_stats": {
            "count_of_bad_no_answer_predictions": 0,
            "count_of_bad_predictions": 223,
            "count_of_good_no_answer_predictions": 0,
            "count_of_good_predictions": 91,
            "count_of_no_answer_actuals": 0,
            "count_of_no_answer_predictions": 0,
            "count_of_normal_actuals": 314,
            "count_of_start_after_end_predictions": 3,
            "total_predictions": 314
        },
        "precision": {
            "01_best_normalized": 0.5830246820524637,
            "01_best_standard": 0.5640006494363943,
            "02_best_normalized": 0.6508658836111648,
            "02_best_standard": 0.6309417172276757,
            "03_best_normalized": 0.6964647292100106,
            "03_best_standard": 0.6738585704893565,
            "05_best_normalized": 0.7384687022484662,
            "05_best_standard": 0.7159535187068624,
            "10_best_normalized": 0.7762474887087941,
            "10_best_standard": 0.7496856667765787,
            "20_best_normalized": 0.7793822849470387,
            "20_best_standard": 0.7557562245712743
        },
        "recall": {
            "01_best_normalized": 0.6455436332461806,
            "01_best_standard": 0.6177010485390378,
            "02_best_normalized": 0.7027279984510871,
            "02_best_standard": 0.673302021313869,
            "03_best_normalized": 0.7318162279416345,
            "03_best_standard": 0.7010079762135328,
            "05_best_normalized": 0.7536770134691986,
            "05_best_standard": 0.7221163657123147,
            "10_best_normalized": 0.7682576519945481,
            "10_best_standard": 0.736916405886908,
            "20_best_normalized": 0.7702947418059327,
            "20_best_standard": 0.7388335191777698
        }
    },
    "squad_evaluation": {
        "accuracy": {
            "end_accuracy": 0.17989775248384296,
            "full_accuracy": 0.1210572007330954,
            "start_accuracy": 0.3129159834088936
        },
        "exact_match": {
            "01_best_normalized": 0.1382213812677389,
            "01_best_standard": 0.11967833491012299,
            "02_best_normalized": 0.15799432355723747,
            "02_best_standard": 0.13765373699148534,
            "03_best_normalized": 0.1727530747398297,
            "03_best_standard": 0.15014191106906338,
            "05_best_normalized": 0.18126773888363293,
            "05_best_standard": 0.15799432355723747,
            "10_best_normalized": 0.18429517502365184,
            "10_best_standard": 0.16064333017975402,
            "20_best_normalized": 0.18448438978240303,
            "20_best_standard": 0.16054872280037844
        },
        "f1": {
            "01_best_normalized": 0.2164509539712814,
            "01_best_standard": 0.20490007669192883,
            "02_best_normalized": 0.2511156009264565,
            "02_best_standard": 0.238309867607892,
            "03_best_normalized": 0.27593256034244623,
            "03_best_standard": 0.26246222218022813,
            "05_best_normalized": 0.29056771513252494,
            "05_best_standard": 0.27667189921452867,
            "10_best_normalized": 0.2962196487480813,
            "10_best_standard": 0.2822017360973221,
            "20_best_normalized": 0.29682869621623287,
            "20_best_standard": 0.2827061480551464
        },
        "metric_stats": {
            "count_of_bad_no_answer_predictions": 0,
            "count_of_bad_predictions": 9052,
            "count_of_good_no_answer_predictions": 0,
            "count_of_good_predictions": 1315,
            "count_of_no_answer_predictions": 0,
            "count_of_start_after_end_predictions": 482,
            "total_predictions": 10367
        },
        "precision": {
            "01_best_normalized": 0.200014330485125,
            "01_best_standard": 0.19030742187551075,
            "02_best_normalized": 0.23146884115919072,
            "02_best_standard": 0.22071569033669194,
            "03_best_normalized": 0.2539939924896234,
            "03_best_standard": 0.2426845455518842,
            "05_best_normalized": 0.268001489534892,
            "05_best_standard": 0.2561478441953902,
            "10_best_normalized": 0.27309629640146116,
            "10_best_standard": 0.26120807917486094,
            "20_best_normalized": 0.273841178352831,
            "20_best_standard": 0.261761392770017
        },
        "recall": {
            "01_best_normalized": 0.30874291642171414,
            "01_best_standard": 0.2886056797055079,
            "02_best_normalized": 0.36475135532129477,
            "02_best_standard": 0.34183277129107137,
            "03_best_normalized": 0.40201449229469627,
            "03_best_standard": 0.3779152459842781,
            "05_best_normalized": 0.42338363129627127,
            "05_best_standard": 0.3993396024871696,
            "10_best_normalized": 0.43168938131773965,
            "10_best_standard": 0.40766632888629634,
            "20_best_normalized": 0.4320438996050866,
            "20_best_standard": 0.40816969338682263
        }
    },
    "training": {
        "attempted_epochs": 4,
        "best_epoch": 2,
        "gpu": "NVIDIA GeForce RTX 3070 Ti",
        "history": {
            "end_logits_accuracy": [
                0.3239852488040924,
                0.5298892855644226,
                0.6494464874267578,
                0.7808117866516113
            ],
            "end_logits_loss": [
                2.682796001434326,
                1.5920970439910889,
                1.0565813779830933,
                0.6989850401878357
            ],
            "loss": [
                5.182052135467529,
                3.063823938369751,
                1.9415687322616577,
                1.2205804586410522
            ],
            "start_logits_accuracy": [
                0.34538745880126953,
                0.5771217942237854,
                0.7357933521270752,
                0.8442804217338562
            ],
            "start_logits_loss": [
                2.4992589950561523,
                1.4717270135879517,
                0.8849890232086182,
                0.52159583568573
            ],
            "val_end_logits_accuracy": [
                0.3686006963253021,
                0.43344709277153015,
                0.46075084805488586,
                0.4846416413784027
            ],