{
    "accuracy": {
        "end_accuracy": 0.49363057324840764,
        "full_accuracy": 0.2898089171974522,
        "start_accuracy": 0.5063694267515924
    },
    "exact_match": {
        "01_best_normalized": 0.3448275862068966,
        "01_best_standard": 0.27899686520376177,
        "02_best_normalized": 0.3542319749216301,
        "02_best_standard": 0.28213166144200624,
        "03_best_normalized": 0.3667711598746082,
        "03_best_standard": 0.2884012539184953,
        "05_best_normalized": 0.3667711598746082,
        "05_best_standard": 0.2884012539184953,
        "10_best_normalized": 0.3667711598746082,
        "10_best_standard": 0.2884012539184953,
        "20_best_normalized": 0.3667711598746082,
        "20_best_standard": 0.2884012539184953
    },
    "f1": {
        "01_best_normalized": 0.5659926371327193,
        "01_best_standard": 0.5461267674213672,
        "02_best_normalized": 0.6188293053902536,
        "02_best_standard": 0.5977785852741448,
        "03_best_normalized": 0.6517851637854121,
        "03_best_standard": 0.6291082408221654,
        "05_best_normalized": 0.6791089023488781,
        "05_best_standard": 0.655815198986976,
        "10_best_normalized": 0.6990969756992246,
        "10_best_standard": 0.6757132844716509,
        "20_best_normalized": 0.7020004971177575,
        "20_best_standard": 0.6785872542901188
    },
    "metric_stats": {
        "count_of_bad_no_answer_predictions": 0,
        "count_of_bad_predictions": 223,
        "count_of_good_no_answer_predictions": 0,
        "count_of_good_predictions": 91,
        "count_of_no_answer_actuals": 0,
        "count_of_no_answer_predictions": 0,
        "count_of_normal_actuals": 314,
        "count_of_start_after_end_predictions": 3,
        "total_predictions": 314
    },
    "precision": {
        "01_best_normalized": 0.5830246820524637,
        "01_best_standard": 0.5640006494363943,
        "02_best_normalized": 0.6508658836111648,
        "02_best_standard": 0.6309417172276757,
        "03_best_normalized": 0.6964647292100106,
        "03_best_standard": 0.6738585704893565,
        "05_best_normalized": 0.7384687022484662,
        "05_best_standard": 0.7159535187068624,
        "10_best_normalized": 0.7762474887087941,
        "10_best_standard": 0.7496856667765787,
        "20_best_normalized": 0.7793822849470387,
        "20_best_standard": 0.7557562245712743
    },
    "recall": {
        "01_best_normalized": 0.6455436332461806,
        "01_best_standard": 0.6177010485390378,
        "02_best_normalized": 0.7027279984510871,
        "02_best_standard": 0.673302021313869,
        "03_best_normalized": 0.7318162279416345,
        "03_best_standard": 0.7010079762135328,
        "05_best_normalized": 0.7536770134691986,
        "05_best_standard": 0.7221163657123147,
        "10_best_normalized": 0.7682576519945481,
        "10_best_standard": 0.736916405886908,
        "20_best_normalized": 0.7702947418059327,
        "20_best_standard": 0.7388335191777698
    }
}