{
    "accuracy": {
        "end_accuracy": 0.4840764331210191,
        "full_accuracy": 0.267515923566879,
        "start_accuracy": 0.49363057324840764
    },
    "exact_match": {
        "01_best_normalized": 0.335423197492163,
        "01_best_standard": 0.25705329153605017,
        "02_best_normalized": 0.3573667711598746,
        "02_best_standard": 0.2664576802507837,
        "03_best_normalized": 0.36363636363636365,
        "03_best_standard": 0.2727272727272727,
        "05_best_normalized": 0.36363636363636365,
        "05_best_standard": 0.2727272727272727,
        "10_best_normalized": 0.36990595611285265,
        "10_best_standard": 0.27586206896551724,
        "20_best_normalized": 0.36990595611285265,
        "20_best_standard": 0.27586206896551724
    },
    "f1": {
        "01_best_normalized": 0.5796016263987198,
        "01_best_standard": 0.5587853156800718,
        "02_best_normalized": 0.6387874538808318,
        "02_best_standard": 0.6128560246007161,
        "03_best_normalized": 0.6687718887690526,
        "03_best_standard": 0.6425044041993584,
        "05_best_normalized": 0.6816112875343633,
        "05_best_standard": 0.6555835932078985,
        "10_best_normalized": 0.6966143891715426,
        "10_best_standard": 0.6701070468033603,
        "20_best_normalized": 0.7015990009496106,
        "20_best_standard": 0.6749857774329251
    },
    "metric_stats": {
        "count_of_bad_no_answer_predictions": 0,
        "count_of_bad_predictions": 230,
        "count_of_good_no_answer_predictions": 0,
        "count_of_good_predictions": 84,
        "count_of_no_answer_actuals": 0,
        "count_of_no_answer_predictions": 0,
        "count_of_normal_actuals": 314,
        "count_of_start_after_end_predictions": 5,
        "total_predictions": 314
    },
    "precision": {
        "01_best_normalized": 0.6138663176434065,
        "01_best_standard": 0.5934713669295149,
        "02_best_normalized": 0.6910796039268567,
        "02_best_standard": 0.6652618569800506,
        "03_best_normalized": 0.7363497627958979,
        "03_best_standard": 0.7099410088293674,
        "05_best_normalized": 0.7566294830756182,
        "05_best_standard": 0.7302180497960634,
        "10_best_normalized": 0.7858278708946957,
        "10_best_standard": 0.7578069360056393,
        "20_best_normalized": 0.7973967617739315,
        "20_best_standard": 0.7689279988508402
    },
    "recall": {
        "01_best_normalized": 0.6332666811786226,
        "01_best_standard": 0.6100951123955752,
        "02_best_normalized": 0.6890834388036627,
        "02_best_standard": 0.6610804926601817,
        "03_best_normalized": 0.7145760643941449,
        "03_best_standard": 0.6861984959349697,
        "05_best_normalized": 0.7252964515254909,
        "05_best_standard": 0.6969195935146426,
        "10_best_normalized": 0.7375764867148937,
        "10_best_standard": 0.7088121870680733,
        "20_best_normalized": 0.7410362078352946,
        "20_best_standard": 0.7122478516809079
    }
}