{
    "end_logits_accuracy": [
        0.29520294070243835,
        0.5003690123558044,
        0.6014760136604309,
        0.6693726778030396
    ],
    "end_logits_loss": [
        3.0415306091308594,
        1.724017858505249,
        1.2971316576004028,
        1.036570429801941
    ],
    "loss": [
        5.746117115020752,
        3.316192150115967,
        2.4913148880004883,
        1.972244143486023
    ],
    "start_logits_accuracy": [
        0.338007390499115,
        0.5439114570617676,
        0.646494448184967,
        0.7195571660995483
    ],
    "start_logits_loss": [
        2.7045845985412598,
        1.5921748876571655,
        1.194183349609375,
        0.9356745481491089
    ],
    "val_end_logits_accuracy": [
        0.42320817708969116,
        0.4300341308116913,
        0.436860054731369,
        0.46075084805488586
    ],
    "val_end_logits_loss": [
        2.1698946952819824,
        2.0992228984832764,
        2.0686511993408203,
        2.013557195663452
    ],
    "val_loss": [
        4.222436428070068,
        4.071462631225586,
        4.03009557723999,
        3.978943109512329
    ],
    "val_start_logits_accuracy": [
        0.4197952151298523,
        0.44368600845336914,
        0.4505119323730469,
        0.4880546033382416
    ],
    "val_start_logits_loss": [
        2.052541494369507,
        1.9722398519515991,
        1.9614449739456177,
        1.9653860330581665
    ]
}