{
    "end_logits_accuracy": [
        0.3239852488040924,
        0.5298892855644226,
        0.6494464874267578,
        0.7808117866516113
    ],
    "end_logits_loss": [
        2.682796001434326,
        1.5920970439910889,
        1.0565813779830933,
        0.6989850401878357
    ],
    "loss": [
        5.182052135467529,
        3.063823938369751,
        1.9415687322616577,
        1.2205804586410522
    ],
    "start_logits_accuracy": [
        0.34538745880126953,
        0.5771217942237854,
        0.7357933521270752,
        0.8442804217338562
    ],
    "start_logits_loss": [
        2.4992589950561523,
        1.4717270135879517,
        0.8849890232086182,
        0.52159583568573
    ],
    "val_end_logits_accuracy": [
        0.3686006963253021,
        0.43344709277153015,
        0.46075084805488586,
        0.4846416413784027
    ],
    "val_end_logits_loss": [
        2.2565183639526367,
        2.1434712409973145,
        2.3561830520629883,
        2.0959696769714355
    ],
    "val_loss": [
        4.305492877960205,
        4.1545939445495605,
        4.575579643249512,
        4.389897346496582
    ],
    "val_start_logits_accuracy": [
        0.3993174135684967,
        0.4197952151298523,
        0.40614333748817444,
        0.43344709277153015
    ],
    "val_start_logits_loss": [
        2.0489754676818848,
        2.011122703552246,
        2.2193973064422607,
        2.293926239013672
    ]
}