{
    "accuracy": {
        "end_accuracy": 0.17989775248384296,
        "full_accuracy": 0.1210572007330954,
        "start_accuracy": 0.3129159834088936
    },
    "exact_match": {
        "01_best_normalized": 0.1382213812677389,
        "01_best_standard": 0.11967833491012299,
        "02_best_normalized": 0.15799432355723747,
        "02_best_standard": 0.13765373699148534,
        "03_best_normalized": 0.1727530747398297,
        "03_best_standard": 0.15014191106906338,
        "05_best_normalized": 0.18126773888363293,
        "05_best_standard": 0.15799432355723747,
        "10_best_normalized": 0.18429517502365184,
        "10_best_standard": 0.16064333017975402,
        "20_best_normalized": 0.18448438978240303,
        "20_best_standard": 0.16054872280037844
    },
    "f1": {
        "01_best_normalized": 0.2164509539712814,
        "01_best_standard": 0.20490007669192883,
        "02_best_normalized": 0.2511156009264565,
        "02_best_standard": 0.238309867607892,
        "03_best_normalized": 0.27593256034244623,
        "03_best_standard": 0.26246222218022813,
        "05_best_normalized": 0.29056771513252494,
        "05_best_standard": 0.27667189921452867,
        "10_best_normalized": 0.2962196487480813,
        "10_best_standard": 0.2822017360973221,
        "20_best_normalized": 0.29682869621623287,
        "20_best_standard": 0.2827061480551464
    },
    "metric_stats": {
        "count_of_bad_no_answer_predictions": 0,
        "count_of_bad_predictions": 9052,
        "count_of_good_no_answer_predictions": 0,
        "count_of_good_predictions": 1315,
        "count_of_no_answer_predictions": 0,
        "count_of_start_after_end_predictions": 482,
        "total_predictions": 10367
    },
    "precision": {
        "01_best_normalized": 0.200014330485125,
        "01_best_standard": 0.19030742187551075,
        "02_best_normalized": 0.23146884115919072,
        "02_best_standard": 0.22071569033669194,
        "03_best_normalized": 0.2539939924896234,
        "03_best_standard": 0.2426845455518842,
        "05_best_normalized": 0.268001489534892,
        "05_best_standard": 0.2561478441953902,
        "10_best_normalized": 0.27309629640146116,
        "10_best_standard": 0.26120807917486094,
        "20_best_normalized": 0.273841178352831,
        "20_best_standard": 0.261761392770017
    },
    "recall": {
        "01_best_normalized": 0.30874291642171414,
        "01_best_standard": 0.2886056797055079,
        "02_best_normalized": 0.36475135532129477,
        "02_best_standard": 0.34183277129107137,
        "03_best_normalized": 0.40201449229469627,
        "03_best_standard": 0.3779152459842781,
        "05_best_normalized": 0.42338363129627127,
        "05_best_standard": 0.3993396024871696,
        "10_best_normalized": 0.43168938131773965,
        "10_best_standard": 0.40766632888629634,
        "20_best_normalized": 0.4320438996050866,
        "20_best_standard": 0.40816969338682263
    }
}