{
    "end_logits_accuracy": [
        0.6445887684822083,
        0.7668274641036987,
        0.8495856523513794
    ],
    "end_logits_loss": [
        1.2945564985275269,
        0.7756504416465759,
        0.47317346930503845
    ],
    "loss": [
        2.6917812824249268,
        1.6379979848861694,
        1.0108740329742432
    ],
    "start_logits_accuracy": [
        0.6082003712654114,
        0.7325541377067566,
        0.8208781480789185
    ],
    "start_logits_loss": [
        1.3972210884094238,
        0.8623484969139099,
        0.537702739238739
    ],
    "val_end_logits_accuracy": [
        0.70719313621521,
        0.7160542011260986,
        0.7228303551673889
    ],
    "val_end_logits_loss": [
        1.026877999305725,
        1.0901260375976562,
        1.204179286956787
    ],
    "val_loss": [
        2.199885606765747,
        2.354069471359253,
        2.5585081577301025
    ],
    "val_start_logits_accuracy": [
        0.6572843194007874,
        0.665754497051239,
        0.6700547337532043
    ],
    "val_start_logits_loss": [
        1.1730073690414429,
        1.263942003250122,
        1.3543286323547363
    ]
}