{
    "end_logits_accuracy": [
        0.21418918669223785,
        0.408108115196228,
        0.5412161946296692
    ],
    "end_logits_loss": [
        3.530571460723877,
        2.2192294597625732,
        1.5973234176635742
    ],
    "loss": [
        6.795740127563477,
        4.091985702514648,
        2.8713321685791016
    ],
    "start_logits_accuracy": [
        0.22297297418117523,
        0.48716217279434204,
        0.6263513565063477
    ],
    "start_logits_loss": [
        3.265166759490967,
        1.8727558851242065,
        1.274010181427002
    ],
    "val_end_logits_accuracy": [
        0.3407643437385559,
        0.3280254900455475,
        0.35987260937690735
    ],
    "val_end_logits_loss": [
        2.721776008605957,
        2.9060027599334717,
        2.863459825515747
    ],
    "val_loss": [
        5.1190876960754395,
        5.436556339263916,
        5.581451416015625
    ],
    "val_start_logits_accuracy": [
        0.3407643437385559,
        0.3949044644832611,
        0.36305731534957886
    ],
    "val_start_logits_loss": [
        2.3973124027252197,
        2.5305538177490234,
        2.7179923057556152
    ]
}