{
    "end_logits_accuracy": [
        0.634865403175354,
        0.7474842071533203,
        0.8306477069854736
    ],
    "end_logits_loss": [
        1.3084601163864136,
        0.842962920665741,
        0.5405924916267395
    ],
    "loss": [
        2.718492031097412,
        1.779666543006897,
        1.1479676961898804
    ],
    "start_logits_accuracy": [
        0.6039164066314697,
        0.7145479321479797,
        0.799268364906311
    ],
    "start_logits_loss": [
        1.4100359678268433,
        0.9367067217826843,
        0.6073727011680603
    ],
    "val_end_logits_accuracy": [
        0.6937824487686157,
        0.713486909866333,
        0.7275995016098022
    ],
    "val_end_logits_loss": [
        1.0547822713851929,
        1.0621029138565063,
        1.113373041152954
    ],
    "val_loss": [
        2.234548330307007,
        2.2705440521240234,
        2.4422786235809326
    ],
    "val_start_logits_accuracy": [
        0.6503794193267822,
        0.6635600924491882,
        0.6679536700248718
    ],
    "val_start_logits_loss": [
        1.1797655820846558,
        1.208441972732544,
        1.3289076089859009
    ]
}