{
    "accuracy": {
        "end_accuracy": 0.8370734421364985,
        "full_accuracy": 0.7366468842729971,
        "start_accuracy": 0.8177856083086054
    },
    "exact_match": {
        "01_best_normalized": 0.7722800378429517,
        "01_best_standard": 0.7389782403027436,
        "02_best_normalized": 0.7879848628192999,
        "02_best_standard": 0.7534531693472091,
        "03_best_normalized": 0.7889309366130558,
        "03_best_standard": 0.7544938505203406,
        "05_best_normalized": 0.7889309366130558,
        "05_best_standard": 0.7544938505203406,
        "10_best_normalized": 0.7889309366130558,
        "10_best_standard": 0.7544938505203406,
        "20_best_normalized": 0.7889309366130558,
        "20_best_standard": 0.7544938505203406
    },
    "f1": {
        "01_best_normalized": 0.84865468912,
        "01_best_standard": 0.8388696849361921,
        "02_best_normalized": 0.8684120878844428,
        "02_best_standard": 0.8582533502983357,
        "03_best_normalized": 0.8693112992570388,
        "03_best_standard": 0.8592250832006741,
        "05_best_normalized": 0.8691994022004037,
        "05_best_standard": 0.8591280615426308,
        "10_best_normalized": 0.8691994022004037,
        "10_best_standard": 0.8591280615426308,
        "20_best_normalized": 0.8691994022004037,
        "20_best_standard": 0.8591280615426308
    },
    "precision": {
        "01_best_normalized": 0.8579726688563287,
        "01_best_standard": 0.8504395849969083,
        "02_best_normalized": 0.878106612359478,
        "02_best_standard": 0.8702291037389983,
        "03_best_normalized": 0.8790178568492466,
        "03_best_standard": 0.8712349658470364,
        "05_best_normalized": 0.8789831674768089,
        "05_best_standard": 0.871212815706627,
        "10_best_normalized": 0.8789831674768089,
        "10_best_standard": 0.871212815706627,
        "20_best_normalized": 0.8789831674768089,
        "20_best_standard": 0.871212815706627
    },
    "recall": {
        "01_best_normalized": 0.8704941824683432,
        "01_best_standard": 0.8611610148793891,
        "02_best_normalized": 0.8917468752974312,
        "02_best_standard": 0.881993635559455,
        "03_best_normalized": 0.8926103928898989,
        "03_best_standard": 0.8829597888742365,
        "05_best_normalized": 0.8924324409144065,
        "05_best_standard": 0.8828054887435882,
        "10_best_normalized": 0.8924324409144065,
        "10_best_standard": 0.8828054887435882,
        "20_best_normalized": 0.8924324409144065,
        "20_best_standard": 0.8828054887435882
    }
}