{
    "end_logits_accuracy": [
        0.34873488545417786,
        0.5368536710739136,
        0.6705170273780823,
        0.7722772359848022
    ],
    "end_logits_loss": [
        2.644742727279663,
        1.5878275632858276,
        1.0593494176864624,
        0.7298694849014282
    ],
    "loss": [
        5.116674900054932,
        3.0671803951263428,
        2.028977632522583,
        1.3691715002059937
    ],
    "start_logits_accuracy": [
        0.38338834047317505,
        0.5814081430435181,
        0.7024202346801758,
        0.8080307841300964
    ],
    "start_logits_loss": [
        2.4719314575195312,
        1.4793531894683838,
        0.9696283340454102,
        0.6393009424209595
    ]
}