{
    "end_logits_accuracy": [
        0.24029850959777832,
        0.47238805890083313,
        0.6626865863800049,
        0.7970149517059326
    ],
    "end_logits_loss": [
        3.125471830368042,
        1.8222612142562866,
        1.0845484733581543,
        0.611453652381897
    ],
    "loss": [
        6.133851528167725,
        3.4309372901916504,
        1.9099196195602417,
        1.0617855787277222
    ],
    "start_logits_accuracy": [
        0.23358209431171417,
        0.5104477405548096,
        0.7358208894729614,
        0.8649253845214844
    ],
    "start_logits_loss": [
        3.008378505706787,
        1.6086781024932861,
        0.8253704905509949,
        0.4503318667411804
    ],
    "val_end_logits_accuracy": [
        0.3333333432674408,
        0.3680555522441864,
        0.4097222089767456,
        0.3923611044883728
    ],
    "val_end_logits_loss": [
        2.402564764022827,
        2.237128257751465,
        2.3098304271698,
        2.555751085281372
    ],
    "val_loss": [
        4.696957111358643,
        4.438320159912109,
        4.880331516265869,
        5.321533203125
    ],
    "val_start_logits_accuracy": [
        0.3645833432674408,
        0.3819444477558136,
        0.3819444477558136,
        0.3888888955116272
    ],
    "val_start_logits_loss": [
        2.294391393661499,
        2.2011911869049072,
        2.570502519607544,
        2.7657814025878906
    ]
}