{
    "accuracy": {
        "end_accuracy": 0.45916114790286977,
        "full_accuracy": 0.402396720277515,
        "start_accuracy": 0.4913276568905708
    },
    "exact_match": {
        "01_best_normalized": 0.16740960871718671,
        "01_best_standard": 0.13917781079742447,
        "02_best_normalized": 0.2535908865775136,
        "02_best_standard": 0.2129767211490837,
        "03_best_normalized": 0.258048538880634,
        "03_best_standard": 0.21644378405151066,
        "05_best_normalized": 0.25755324418028724,
        "05_best_standard": 0.21594848935116395,
        "10_best_normalized": 0.25755324418028724,
        "10_best_standard": 0.21594848935116395,
        "20_best_normalized": 0.25755324418028724,
        "20_best_standard": 0.21594848935116395
    },
    "f1": {
        "01_best_normalized": 0.2985302289083642,
        "01_best_standard": 0.2858600231688477,
        "02_best_normalized": 0.49928054042419584,
        "02_best_standard": 0.47985554062361396,
        "03_best_normalized": 0.5147459907699204,
        "03_best_standard": 0.4946120400919425,
        "05_best_normalized": 0.5159044785442526,
        "05_best_standard": 0.4955744749367299,
        "10_best_normalized": 0.5159044785442526,
        "10_best_standard": 0.4955744749367299,
        "20_best_normalized": 0.5159044785442526,
        "20_best_standard": 0.4955744749367299
    },
    "precision": {
        "01_best_normalized": 0.37791965029198155,
        "01_best_standard": 0.3586704431033346,
        "02_best_normalized": 0.6901904998667454,
        "02_best_standard": 0.6561540188653276,
        "03_best_normalized": 0.7182873782747168,
        "03_best_standard": 0.6824517460689475,
        "05_best_normalized": 0.7197807311053652,
        "05_best_standard": 0.6828551523044487,
        "10_best_normalized": 0.7197807311053652,
        "10_best_standard": 0.6828551523044487,
        "20_best_normalized": 0.7197807311053652,
        "20_best_standard": 0.6828551523044487
    },
    "recall": {
        "01_best_normalized": 0.2842018000721325,
        "01_best_standard": 0.2734304990651489,
        "02_best_normalized": 0.46803509212756356,
        "02_best_standard": 0.45251091796069187,
        "03_best_normalized": 0.48142818557971934,
        "03_best_standard": 0.4654865537085049,
        "05_best_normalized": 0.48248902166572816,
        "05_best_standard": 0.46645245522828904,
        "10_best_normalized": 0.48248902166572816,
        "10_best_standard": 0.46645245522828904,
        "20_best_normalized": 0.48248902166572816,
        "20_best_standard": 0.46645245522828904
    }
}