{
    "end_logits_accuracy": [
        0.6727033853530884,
        0.7883610129356384
    ],
    "end_logits_loss": [
        1.172786831855774,
        0.6905800104141235
    ],
    "loss": [
        2.4454121589660645,
        1.4665290117263794
    ],
    "start_logits_accuracy": [
        0.6352706551551819,
        0.7520648837089539
    ],
    "start_logits_loss": [
        1.272629737854004,
        0.7759422063827515
    ],
    "val_end_logits_accuracy": [
        0.7288676500320435,
        0.7356459498405457
    ],
    "val_end_logits_loss": [
        0.9336556196212769,
        1.0194284915924072
    ],
    "val_loss": [
        1.9912922382354736,
        2.1929001808166504
    ],
    "val_start_logits_accuracy": [
        0.6769005656242371,
        0.6807548999786377
    ],
    "val_start_logits_loss": [
        1.0576359033584595,
        1.1734728813171387
    ]
}