{
    "accuracy": {
        "end_accuracy": 0.30819507290095527,
        "full_accuracy": 0.1895424836601307,
        "start_accuracy": 0.4072398190045249
    },
    "exact_match": {
        "01_best_normalized": 0.23873204556711244,
        "01_best_standard": 0.20257553244180287,
        "02_best_normalized": 0.24665676077265974,
        "02_best_standard": 0.21000495294700347,
        "03_best_normalized": 0.24665676077265974,
        "03_best_standard": 0.21000495294700347,
        "05_best_normalized": 0.24665676077265974,
        "05_best_standard": 0.21000495294700347,
        "10_best_normalized": 0.24715205547300645,
        "10_best_standard": 0.21000495294700347,
        "20_best_normalized": 0.24715205547300645,
        "20_best_standard": 0.21000495294700347
    },
    "f1": {
        "01_best_normalized": 0.48576627540238604,
        "01_best_standard": 0.4653555380066375,
        "02_best_normalized": 0.5084271956914875,
        "02_best_standard": 0.4874864698377596,
        "03_best_normalized": 0.508920840941307,
        "03_best_standard": 0.48790168725902977,
        "05_best_normalized": 0.5088682107626206,
        "05_best_standard": 0.4878494496559168,
        "10_best_normalized": 0.5093635054629672,
        "10_best_standard": 0.48829267491340655,
        "20_best_normalized": 0.5093635054629672,
        "20_best_standard": 0.48829267491340655
    },
    "precision": {
        "01_best_normalized": 0.6773545328151569,
        "01_best_standard": 0.645254827134912,
        "02_best_normalized": 0.7153962569267176,
        "02_best_standard": 0.6809298288561972,
        "03_best_normalized": 0.7177332724509544,
        "03_best_standard": 0.6831869218265146,
        "05_best_normalized": 0.7180791925591331,
        "05_best_standard": 0.6838969401520799,
        "10_best_normalized": 0.7185744872594798,
        "10_best_standard": 0.6842493613811729,
        "20_best_normalized": 0.7185744872594798,
        "20_best_standard": 0.6842493613811729
    },
    "recall": {
        "01_best_normalized": 0.45175219014546164,
        "01_best_standard": 0.43319721173195436,
        "02_best_normalized": 0.47192378405665575,
        "02_best_standard": 0.45305968984928185,
        "03_best_normalized": 0.4721240996730188,
        "03_best_standard": 0.45318690023964125,
        "05_best_normalized": 0.4720297578253338,
        "05_best_standard": 0.45308424905229466,
        "10_best_normalized": 0.4725250525256805,
        "10_best_standard": 0.453541444160307,
        "20_best_normalized": 0.4725250525256805,
        "20_best_standard": 0.453541444160307
    }
}