{
    "end_logits_accuracy": [
        0.6662120223045349,
        0.7940188646316528,
        0.8688338398933411
    ],
    "end_logits_loss": [
        1.1832667589187622,
        0.6730571985244751,
        0.40518465638160706
    ],
    "loss": [
        2.4732985496520996,
        1.4325406551361084,
        0.8747467398643494
    ],
    "start_logits_accuracy": [
        0.6318607926368713,
        0.7581899762153625,
        0.8399131298065186
    ],
    "start_logits_loss": [
        1.2900348901748657,
        0.7594795227050781,
        0.4695594012737274
    ],
    "val_end_logits_accuracy": [
        0.7254120111465454,
        0.7321903109550476,
        0.7311270833015442
    ],
    "val_end_logits_loss": [
        0.9388557076454163,
        1.020564317703247,
        1.172443151473999
    ],
    "val_loss": [
        2.0146872997283936,
        2.198604106903076,
        2.5416204929351807
    ],
    "val_start_logits_accuracy": [
        0.6721159219741821,
        0.6815523505210876,
        0.6767676472663879
    ],
    "val_start_logits_loss": [
        1.0758317708969116,
        1.178041934967041,
        1.3691776990890503
    ]
}