{
    "accuracy": {
        "end_accuracy": 0.3207642031171443,
        "full_accuracy": 0.19708396178984414,
        "start_accuracy": 0.40774258421317244
    },
    "exact_match": {
        "01_best_normalized": 0.2456661713719663,
        "01_best_standard": 0.20851906884596336,
        "02_best_normalized": 0.24913323427439327,
        "02_best_standard": 0.21099554234769688,
        "03_best_normalized": 0.24863793957404656,
        "03_best_standard": 0.21050024764735017,
        "05_best_normalized": 0.24863793957404656,
        "05_best_standard": 0.21050024764735017,
        "10_best_normalized": 0.24863793957404656,
        "10_best_standard": 0.21050024764735017,
        "20_best_normalized": 0.24863793957404656,
        "20_best_standard": 0.21050024764735017
    },
    "f1": {
        "01_best_normalized": 0.49331692938677246,
        "01_best_standard": 0.4738168329529335,
        "02_best_normalized": 0.517100992630257,
        "02_best_standard": 0.4968582498342608,
        "03_best_normalized": 0.517468127856572,
        "03_best_standard": 0.49714763558381964,
        "05_best_normalized": 0.5176324756435052,
        "05_best_standard": 0.4973677236790935,
        "10_best_normalized": 0.5176842055467871,
        "10_best_standard": 0.49730191652180655,
        "20_best_normalized": 0.5176842055467871,
        "20_best_standard": 0.49730191652180655
    },
    "precision": {
        "01_best_normalized": 0.6820061896253137,
        "01_best_standard": 0.6515838562969313,
        "02_best_normalized": 0.7260147796074109,
        "02_best_standard": 0.6934675927700003,
        "03_best_normalized": 0.7287037188119518,
        "03_best_standard": 0.6960986187567781,
        "05_best_normalized": 0.7289331410324588,
        "05_best_standard": 0.6965756883274583,
        "10_best_normalized": 0.7292431048727083,
        "10_best_standard": 0.6965394919786005,
        "20_best_normalized": 0.7292431048727083,
        "20_best_standard": 0.6965394919786005
    },
    "recall": {
        "01_best_normalized": 0.45685044199424374,
        "01_best_standard": 0.43847432932005037,
        "02_best_normalized": 0.4775999927073554,
        "02_best_standard": 0.45863331398774365,
        "03_best_normalized": 0.4776437588383962,
        "03_best_standard": 0.45860814142589157,
        "05_best_normalized": 0.4777818698606083,
        "05_best_standard": 0.4587772083668753,
        "10_best_normalized": 0.4777251534220196,
        "10_best_standard": 0.4586544560739419,
        "20_best_normalized": 0.4777251534220196,
        "20_best_standard": 0.4586544560739419
    }
}