{
    "evaluation": {
        "accuracy": {
            "end_accuracy": 0.8318240620957309,
            "full_accuracy": 0.7326741822214009,
            "start_accuracy": 0.8127887636296434
        },
        "exact_match": {
            "01_best_normalized": 0.7672658467360454,
            "01_best_standard": 0.7364238410596027,
            "02_best_normalized": 0.7802270577105014,
            "02_best_standard": 0.7484389782403027,
            "03_best_normalized": 0.7801324503311259,
            "03_best_standard": 0.7483443708609272,
            "05_best_normalized": 0.7801324503311259,
            "05_best_standard": 0.7483443708609272,
            "10_best_normalized": 0.7801324503311259,
            "10_best_standard": 0.7483443708609272,
            "20_best_normalized": 0.7801324503311259,
            "20_best_standard": 0.7483443708609272
        },
        "f1": {
            "01_best_normalized": 0.844382784982098,
            "01_best_standard": 0.8346191026030646,
            "02_best_normalized": 0.8606899435206035,
            "02_best_standard": 0.8506180012724831,
            "03_best_normalized": 0.8606433665002067,
            "03_best_standard": 0.8505792818166273,
            "05_best_normalized": 0.8605957998326133,
            "05_best_standard": 0.8505572312115074,
            "10_best_normalized": 0.8605863390946755,
            "10_best_standard": 0.8505407777542245,
            "20_best_normalized": 0.8605863390946755,
            "20_best_standard": 0.8505407777542245
        },
        "precision": {
            "01_best_normalized": 0.8520721045346346,
            "01_best_standard": 0.8449175482341923,
            "02_best_normalized": 0.8686439546016672,
            "02_best_standard": 0.8612440942440577,
            "03_best_normalized": 0.8685316262266084,
            "03_best_standard": 0.8611273757398473,
            "05_best_normalized": 0.8684839129811658,
            "05_best_standard": 0.8611061641647096,
            "10_best_normalized": 0.8684753123103135,
            "10_best_standard": 0.861090396268147,
            "20_best_normalized": 0.8684753123103135,
            "20_best_standard": 0.861090396268147
        },
        "recall": {
            "01_best_normalized": 0.8686764267497316,
            "01_best_standard": 0.8591064623617214,
            "02_best_normalized": 0.8860001835498782,
            "02_best_standard": 0.8761680872571295,
            "03_best_normalized": 0.8859594929810559,
            "03_best_standard": 0.8761098528918941,
            "05_best_normalized": 0.8858123259464716,
            "05_best_standard": 0.8759693752679726,
            "10_best_normalized": 0.8858018140154298,
            "10_best_standard": 0.8759521739262681,
            "20_best_normalized": 0.8858018140154298,
            "20_best_standard": 0.8759521739262681
        }
    },
    "medical_evaluation": {
        "accuracy": {
            "end_accuracy": 0.45253863134657835,
            "full_accuracy": 0.39072847682119205,
            "start_accuracy": 0.4881740775780511
        },
        "exact_match": {
            "01_best_normalized": 0.17731550272412086,
            "01_best_standard": 0.14561664190193166,
            "02_best_normalized": 0.23972263496780585,
            "02_best_standard": 0.20108964834076276,
            "03_best_normalized": 0.24219910846953938,
            "03_best_standard": 0.20208023774145617,
            "05_best_normalized": 0.24170381376919267,
            "05_best_standard": 0.20158494304110947,
            "10_best_normalized": 0.24170381376919267,
            "10_best_standard": 0.20158494304110947,
            "20_best_normalized": 0.24170381376919267,
            "20_best_standard": 0.20158494304110947
        },
        "f1": {
            "01_best_normalized": 0.3337250466709868,
            "01_best_standard": 0.3192838823670266,
            "02_best_normalized": 0.48810827506240806,
            "02_best_standard": 0.4665118975452081,
            "03_best_normalized": 0.4998606335731318,
            "03_best_standard": 0.4778903331756783,
            "05_best_normalized": 0.5013290414708138,
            "05_best_standard": 0.47915246708398485,
            "10_best_normalized": 0.5013290414708138,
            "10_best_standard": 0.47915246708398485,
            "20_best_normalized": 0.5013290414708138,
            "20_best_standard": 0.47915246708398485
        },
        "precision": {
            "01_best_normalized": 0.43560678522749396,
            "01_best_standard": 0.4133053403801466,
            "02_best_normalized": 0.6875908555181579,
            "02_best_standard": 0.6493243165724034,
            "03_best_normalized": 0.7089089986045032,
            "03_best_standard": 0.6701050688951862,
            "05_best_normalized": 0.7121453404366844,
            "05_best_standard": 0.672701899723815,
            "10_best_normalized": 0.7121453404366844,
            "10_best_standard": 0.672701899723815,
            "20_best_normalized": 0.7121453404366844,
            "20_best_standard": 0.672701899723815
        },
        "recall": {
            "01_best_normalized": 0.3128106930799883,
            "01_best_standard": 0.29968530806392674,
            "02_best_normalized": 0.4535673750403572,
            "02_best_standard": 0.4343897186532844,
            "03_best_normalized": 0.4629803909269003,
            "03_best_standard": 0.4436777792256826,
            "05_best_normalized": 0.4639744059031709,
            "05_best_standard": 0.4445021334411113,
            "10_best_normalized": 0.4639744059031709,
            "10_best_standard": 0.4445021334411113,
            "20_best_normalized": 0.4639744059031709,
            "20_best_standard": 0.4445021334411113
        }
    },
    "training": {
        "attempted_epochs": 4,
        "best_epoch": 1,
        "gpu": "NVIDIA GeForce RTX 3070 Ti",
        "history": {
            "end_logits_accuracy": [
                0.6642728447914124,
                0.7839761972427368,
                0.8542730808258057
            ],
            "end_logits_loss": [
                1.1984670162200928,
                0.7102879285812378,
                0.4495498836040497
            ],
            "loss": [
                2.4949581623077393,
                1.5055158138275146,
                0.9649518132209778
            ],
            "start_logits_accuracy": [
                0.6319562792778015,
                0.7505860924720764,
                0.8254114985466003
            ],
            "start_logits_loss": [
                1.296492338180542,
                0.7952255606651306,
                0.5154016613960266
            ],
            "val_end_logits_accuracy": [
                0.7204371094703674,
                0.7326655387878418,
                0.7348770499229431
            ],
            "val_end_logits_loss": [
                0.9592676758766174,
                0.9982497096061707,
                1.107579231262207
            ],
            "val_loss": [
                2.0366454124450684,
                2.142221450805664,
                2.4025323390960693
            ],
            "val_start_logits_accuracy": [
                0.6775074601173401,
                0.6782880425453186,
                0.674515426158905
            ],
            "val_start_logits_loss": [
                1.0773751735687256,
                1.1439725160598755,
                1.2949535846710205
            ]
        },
        "training_time": 9423.951842099952
    }
}