{
    "end_logits_accuracy": [
        0.6642728447914124,
        0.7839761972427368,
        0.8542730808258057
    ],
    "end_logits_loss": [
        1.1984670162200928,
        0.7102879285812378,
        0.4495498836040497
    ],
    "loss": [
        2.4949581623077393,
        1.5055158138275146,
        0.9649518132209778
    ],
    "start_logits_accuracy": [
        0.6319562792778015,
        0.7505860924720764,
        0.8254114985466003
    ],
    "start_logits_loss": [
        1.296492338180542,
        0.7952255606651306,
        0.5154016613960266
    ],
    "val_end_logits_accuracy": [
        0.7204371094703674,
        0.7326655387878418,
        0.7348770499229431
    ],
    "val_end_logits_loss": [
        0.9592676758766174,
        0.9982497096061707,
        1.107579231262207
    ],
    "val_loss": [
        2.0366454124450684,
        2.142221450805664,
        2.4025323390960693
    ],
    "val_start_logits_accuracy": [
        0.6775074601173401,
        0.6782880425453186,
        0.674515426158905
    ],
    "val_start_logits_loss": [
        1.0773751735687256,
        1.1439725160598755,
        1.2949535846710205
    ]
}