{
    "evaluation": {
        "accuracy": {
            "end_accuracy": 0.825078543707263,
            "full_accuracy": 0.7384956569950102,
            "start_accuracy": 0.8223064128626871
        },
        "exact_match": {
            "01_best_normalized": 0.7656575212866603,
            "01_best_standard": 0.7413434247871334,
            "02_best_normalized": 0.7787133396404919,
            "02_best_standard": 0.7536423841059603,
            "03_best_normalized": 0.7786187322611163,
            "03_best_standard": 0.7534531693472091,
            "05_best_normalized": 0.7786187322611163,
            "05_best_standard": 0.7534531693472091,
            "10_best_normalized": 0.7786187322611163,
            "10_best_standard": 0.7534531693472091,
            "20_best_normalized": 0.7786187322611163,
            "20_best_standard": 0.7534531693472091
        },
        "f1": {
            "01_best_normalized": 0.842468517195125,
            "01_best_standard": 0.8338452839416914,
            "02_best_normalized": 0.8601920048286653,
            "02_best_standard": 0.8511687774693155,
            "03_best_normalized": 0.8601838331778598,
            "03_best_standard": 0.8511756821849986,
            "05_best_normalized": 0.8601754640635304,
            "05_best_standard": 0.8511415661906178,
            "10_best_normalized": 0.8601754640635304,
            "10_best_standard": 0.8511415661906178,
            "20_best_normalized": 0.8601754640635304,
            "20_best_standard": 0.8511415661906178
        },
        "metric_stats": {
            "count_of_bad_no_answer_predictions": 21,
            "count_of_bad_predictions": 2676,
            "count_of_good_no_answer_predictions": 152,
            "count_of_good_predictions": 8146,
            "count_of_no_answer_predictions": 173,
            "count_of_start_after_end_predictions": 263,
            "total_predictions": 10822
        },
        "precision": {
            "01_best_normalized": 0.8679546625725729,
            "01_best_standard": 0.8628585262275268,
            "02_best_normalized": 0.8870722066190376,
            "02_best_standard": 0.8814931102491721,
            "03_best_normalized": 0.8871188413676591,
            "03_best_standard": 0.8816077604858863,
            "05_best_normalized": 0.8871087355794075,
            "05_best_standard": 0.881576224692761,
            "10_best_normalized": 0.8871087355794075,
            "10_best_standard": 0.881576224692761,
            "20_best_normalized": 0.8871087355794075,
            "20_best_standard": 0.881576224692761
        },
        "recall": {
            "01_best_normalized": 0.8492332609131287,
            "01_best_standard": 0.8389612923253443,
            "02_best_normalized": 0.8675299811852465,
            "02_best_standard": 0.8569295228491564,
            "03_best_normalized": 0.86742054447458,
            "03_best_standard": 0.8568361827297993,
            "05_best_normalized": 0.8674007219760442,
            "05_best_standard": 0.8567911315967631,
            "10_best_normalized": 0.8674007219760442,
            "10_best_standard": 0.8567911315967631,
            "20_best_normalized": 0.8674007219760442,
            "20_best_standard": 0.8567911315967631
        }
    },
    "medical_evaluation": {
        "accuracy": {
            "end_accuracy": 0.43424787133396403,
            "full_accuracy": 0.37779880163986124,
            "start_accuracy": 0.46357615894039733
        },
        "exact_match": {
            "01_best_normalized": 0.14512134720158495,
            "01_best_standard": 0.12233779098563645,
            "02_best_normalized": 0.2050520059435364,
            "02_best_standard": 0.1733531451213472,
            "03_best_normalized": 0.2055473006438831,
            "03_best_standard": 0.1738484398216939,
            "05_best_normalized": 0.2055473006438831,
            "05_best_standard": 0.1738484398216939,
            "10_best_normalized": 0.2055473006438831,
            "10_best_standard": 0.1738484398216939,
            "20_best_normalized": 0.2055473006438831,
            "20_best_standard": 0.1738484398216939
        },
        "f1": {
            "01_best_normalized": 0.263506625923403,
            "01_best_standard": 0.24972386153910892,
            "02_best_normalized": 0.43378961275572253,
            "02_best_standard": 0.4131300451023989,
            "03_best_normalized": 0.4393485574987419,
            "03_best_standard": 0.41761879615303726,
            "05_best_normalized": 0.43969269631826896,
            "05_best_standard": 0.4180566419715201,
            "10_best_normalized": 0.43969269631826896,
            "10_best_standard": 0.4180566419715201,
            "20_best_normalized": 0.43969269631826896,
            "20_best_standard": 0.4180566419715201
        },
        "metric_stats": {
            "count_of_bad_no_answer_predictions": 962,
            "count_of_bad_predictions": 1973,
            "count_of_good_no_answer_predictions": 963,
            "count_of_good_predictions": 1198,
            "count_of_no_answer_actuals": 1084,
            "count_of_no_answer_predictions": 1925,
            "count_of_normal_actuals": 2087,
            "count_of_start_after_end_predictions": 197,
            "total_predictions": 3171
        },
        "precision": {
            "01_best_normalized": 0.35961729878207555,
            "01_best_standard": 0.34107741659063334,
            "02_best_normalized": 0.6565142209543229,
            "02_best_standard": 0.619967204790996,
            "03_best_normalized": 0.6690742061849664,
            "03_best_standard": 0.6304324326519934,
            "05_best_normalized": 0.6697306040946639,
            "05_best_standard": 0.6309313545104993,
            "10_best_normalized": 0.6697306040946639,
            "10_best_standard": 0.6309313545104993,
            "20_best_normalized": 0.6697306040946639,
            "20_best_standard": 0.6309313545104993
        },
        "recall": {
            "01_best_normalized": 0.24409455983531717,
            "01_best_standard": 0.23094646032474866,
            "02_best_normalized": 0.3928885729971864,
            "02_best_standard": 0.3745019067437371,
            "03_best_normalized": 0.3970538117913006,
            "03_best_standard": 0.3779311216059109,
            "05_best_normalized": 0.39765042824946456,
            "05_best_standard": 0.3786012607679813,
            "10_best_normalized": 0.39765042824946456,
            "10_best_standard": 0.3786012607679813,
            "20_best_normalized": 0.39765042824946456,
            "20_best_standard": 0.3786012607679813
        }
    },
    "training": {
        "attempted_epochs": 4,
        "best_epoch": 1,
        "gpu": "NVIDIA GeForce RTX 3070 Ti",
        "history": {
            "end_logits_accuracy": [
                0.6768587231636047,
                0.7917366623878479,
                0.8568224310874939,
                0.8979476690292358
            ],
            "end_logits_loss": [
                1.1461108922958374,
                0.6798298954963684,
                0.4476239085197449,
                0.3093149960041046
            ],
            "loss": [
                2.3933417797088623,
                1.441561222076416,
                0.9599282145500183,
                0.6676559448242188
            ],
            "start_logits_accuracy": [
                0.6432846188545227,
                0.7574073672294617,
                0.825547456741333,
                0.8736827969551086
            ],
            "start_logits_loss": [
                1.2472383975982666,
                0.7617314457893372,
                0.5123065710067749,
                0.3583410978317261
            ]
        },
        "training_time": 13152.101242600242
    }
}