{
    "accuracy": {
        "end_accuracy": 0.43424787133396403,
        "full_accuracy": 0.37779880163986124,
        "start_accuracy": 0.46357615894039733
    },
    "exact_match": {
        "01_best_normalized": 0.14512134720158495,
        "01_best_standard": 0.12233779098563645,
        "02_best_normalized": 0.2050520059435364,
        "02_best_standard": 0.1733531451213472,
        "03_best_normalized": 0.2055473006438831,
        "03_best_standard": 0.1738484398216939,
        "05_best_normalized": 0.2055473006438831,
        "05_best_standard": 0.1738484398216939,
        "10_best_normalized": 0.2055473006438831,
        "10_best_standard": 0.1738484398216939,
        "20_best_normalized": 0.2055473006438831,
        "20_best_standard": 0.1738484398216939
    },
    "f1": {
        "01_best_normalized": 0.263506625923403,
        "01_best_standard": 0.24972386153910892,
        "02_best_normalized": 0.43378961275572253,
        "02_best_standard": 0.4131300451023989,
        "03_best_normalized": 0.4393485574987419,
        "03_best_standard": 0.41761879615303726,
        "05_best_normalized": 0.43969269631826896,
        "05_best_standard": 0.4180566419715201,
        "10_best_normalized": 0.43969269631826896,
        "10_best_standard": 0.4180566419715201,
        "20_best_normalized": 0.43969269631826896,
        "20_best_standard": 0.4180566419715201
    },
    "metric_stats": {
        "count_of_bad_no_answer_predictions": 962,
        "count_of_bad_predictions": 1973,
        "count_of_good_no_answer_predictions": 963,
        "count_of_good_predictions": 1198,
        "count_of_no_answer_actuals": 1084,
        "count_of_no_answer_predictions": 1925,
        "count_of_normal_actuals": 2087,
        "count_of_start_after_end_predictions": 197,
        "total_predictions": 3171
    },
    "precision": {
        "01_best_normalized": 0.35961729878207555,
        "01_best_standard": 0.34107741659063334,
        "02_best_normalized": 0.6565142209543229,
        "02_best_standard": 0.619967204790996,
        "03_best_normalized": 0.6690742061849664,
        "03_best_standard": 0.6304324326519934,
        "05_best_normalized": 0.6697306040946639,
        "05_best_standard": 0.6309313545104993,
        "10_best_normalized": 0.6697306040946639,
        "10_best_standard": 0.6309313545104993,
        "20_best_normalized": 0.6697306040946639,
        "20_best_standard": 0.6309313545104993
    },
    "recall": {
        "01_best_normalized": 0.24409455983531717,
        "01_best_standard": 0.23094646032474866,
        "02_best_normalized": 0.3928885729971864,
        "02_best_standard": 0.3745019067437371,
        "03_best_normalized": 0.3970538117913006,
        "03_best_standard": 0.3779311216059109,
        "05_best_normalized": 0.39765042824946456,
        "05_best_standard": 0.3786012607679813,
        "10_best_normalized": 0.39765042824946456,
        "10_best_standard": 0.3786012607679813,
        "20_best_normalized": 0.39765042824946456,
        "20_best_standard": 0.3786012607679813
    }
}